排序组,舆情场景,场景代码,方法,参数名,参数值,干预概率,重复次数,初始极化率,无干预最终极化率,干预后最终极化率,极化率降低量,观点均值_初始,观点均值_无干预,观点均值_干预后,观点标准差_初始,观点标准差_无干预,观点标准差_干预后,干预接受率
HotRank,激烈骂战(U型),polarization,scarcity,K,10,0.1,10,59.0%,84.6%,66.8%,17.8%,0.5077,0.4783,0.4211,0.3538,0.3635,0.3187,41.3%
HotRank,激烈骂战(U型),polarization,scarcity,K,10,0.2,10,59.0%,84.6%,57.4%,27.2%,0.5077,0.4783,0.3825,0.3538,0.3635,0.2884,44.7%
HotRank,激烈骂战(U型),polarization,scarcity,K,10,0.3,10,59.0%,84.6%,51.2%,33.4%,0.5077,0.4783,0.3695,0.3538,0.3635,0.2697,46.1%
HotRank,激烈骂战(U型),polarization,scarcity,K,10,0.4,10,59.0%,84.6%,39.8%,44.8%,0.5077,0.4783,0.3796,0.3538,0.3635,0.2461,48.8%
HotRank,激烈骂战(U型),polarization,scarcity,K,10,0.5,10,59.0%,84.6%,31.0%,53.6%,0.5077,0.4783,0.3845,0.3538,0.3635,0.2314,49.9%
HotRank,激烈骂战(U型),polarization,scarcity,K,10,0.6,10,59.0%,84.6%,23.8%,60.8%,0.5077,0.4783,0.4109,0.3538,0.3635,0.2160,51.5%
HotRank,激烈骂战(U型),polarization,scarcity,K,10,0.7,10,59.0%,84.6%,16.6%,68.0%,0.5077,0.4783,0.4289,0.3538,0.3635,0.2029,52.5%
HotRank,激烈骂战(U型),polarization,scarcity,K,10,0.8,10,59.0%,84.6%,16.0%,68.6%,0.5077,0.4783,0.4460,0.3538,0.3635,0.1996,53.0%
HotRank,激烈骂战(U型),polarization,scarcity,K,10,0.9,10,59.0%,84.6%,15.0%,69.6%,0.5077,0.4783,0.4657,0.3538,0.3635,0.1951,53.4%
HotRank,激烈骂战(U型),polarization,scarcity,K,20,0.1,10,59.0%,84.6%,70.0%,14.6%,0.5077,0.4783,0.4435,0.3538,0.3635,0.3198,40.4%
HotRank,激烈骂战(U型),polarization,scarcity,K,20,0.2,10,59.0%,84.6%,61.2%,23.4%,0.5077,0.4783,0.4221,0.3538,0.3635,0.3029,42.1%
HotRank,激烈骂战(U型),polarization,scarcity,K,20,0.3,10,59.0%,84.6%,56.6%,28.0%,0.5077,0.4783,0.3719,0.3538,0.3635,0.2768,45.6%
HotRank,激烈骂战(U型),polarization,scarcity,K,20,0.4,10,59.0%,84.6%,50.4%,34.2%,0.5077,0.4783,0.3815,0.3538,0.3635,0.2660,46.8%
HotRank,激烈骂战(U型),polarization,scarcity,K,20,0.5,10,59.0%,84.6%,39.0%,45.6%,0.5077,0.4783,0.3911,0.3538,0.3635,0.2464,47.9%
HotRank,激烈骂战(U型),polarization,scarcity,K,20,0.6,10,59.0%,84.6%,35.4%,49.2%,0.5077,0.4783,0.3903,0.3538,0.3635,0.2379,49.0%
HotRank,激烈骂战(U型),polarization,scarcity,K,20,0.7,10,59.0%,84.6%,25.6%,59.0%,0.5077,0.4783,0.4025,0.3538,0.3635,0.2197,49.9%
HotRank,激烈骂战(U型),polarization,scarcity,K,20,0.8,10,59.0%,84.6%,17.6%,67.0%,0.5077,0.4783,0.4181,0.3538,0.3635,0.2060,50.6%
HotRank,激烈骂战(U型),polarization,scarcity,K,20,0.9,10,59.0%,84.6%,21.0%,63.6%,0.5077,0.4783,0.4302,0.3538,0.3635,0.2154,49.7%
HotRank,激烈骂战(U型),polarization,scarcity,K,30,0.1,10,59.0%,84.6%,74.8%,9.8%,0.5077,0.4783,0.4611,0.3538,0.3635,0.3379,39.8%
HotRank,激烈骂战(U型),polarization,scarcity,K,30,0.2,10,59.0%,84.6%,66.8%,17.8%,0.5077,0.4783,0.4155,0.3538,0.3635,0.3134,40.4%
HotRank,激烈骂战(U型),polarization,scarcity,K,30,0.3,10,59.0%,84.6%,59.4%,25.2%,0.5077,0.4783,0.4165,0.3538,0.3635,0.2995,42.2%
HotRank,激烈骂战(U型),polarization,scarcity,K,30,0.4,10,59.0%,84.6%,53.4%,31.2%,0.5077,0.4783,0.4006,0.3538,0.3635,0.2808,43.8%
HotRank,激烈骂战(U型),polarization,scarcity,K,30,0.5,10,59.0%,84.6%,48.0%,36.6%,0.5077,0.4783,0.3844,0.3538,0.3635,0.2669,45.8%
HotRank,激烈骂战(U型),polarization,scarcity,K,30,0.6,10,59.0%,84.6%,43.4%,41.2%,0.5077,0.4783,0.3812,0.3538,0.3635,0.2561,47.1%
HotRank,激烈骂战(U型),polarization,scarcity,K,30,0.7,10,59.0%,84.6%,36.0%,48.6%,0.5077,0.4783,0.3971,0.3538,0.3635,0.2464,48.4%
HotRank,激烈骂战(U型),polarization,scarcity,K,30,0.8,10,59.0%,84.6%,30.8%,53.8%,0.5077,0.4783,0.3970,0.3538,0.3635,0.2320,49.4%
HotRank,激烈骂战(U型),polarization,scarcity,K,30,0.9,10,59.0%,84.6%,19.4%,65.2%,0.5077,0.4783,0.4289,0.3538,0.3635,0.2021,52.3%
HotRank,激烈骂战(U型),polarization,suppression,Gamma,0.5,0.1,10,59.0%,84.6%,53.8%,30.8%,0.5077,0.4783,0.4228,0.3538,0.3635,0.2956,42.4%
HotRank,激烈骂战(U型),polarization,suppression,Gamma,0.5,0.2,10,59.0%,84.6%,32.6%,52.0%,0.5077,0.4783,0.4470,0.3538,0.3635,0.2408,47.7%
HotRank,激烈骂战(U型),polarization,suppression,Gamma,0.5,0.3,10,59.0%,84.6%,27.2%,57.4%,0.5077,0.4783,0.4617,0.3538,0.3635,0.2245,51.9%
HotRank,激烈骂战(U型),polarization,suppression,Gamma,0.5,0.4,10,59.0%,84.6%,23.0%,61.6%,0.5077,0.4783,0.4646,0.3538,0.3635,0.2074,55.0%
HotRank,激烈骂战(U型),polarization,suppression,Gamma,0.5,0.5,10,59.0%,84.6%,22.6%,62.0%,0.5077,0.4783,0.4813,0.3538,0.3635,0.2016,57.1%
HotRank,激烈骂战(U型),polarization,suppression,Gamma,0.5,0.6,10,59.0%,84.6%,18.6%,66.0%,0.5077,0.4783,0.4896,0.3538,0.3635,0.1869,60.0%
HotRank,激烈骂战(U型),polarization,suppression,Gamma,0.5,0.7,10,59.0%,84.6%,16.2%,68.4%,0.5077,0.4783,0.4913,0.3538,0.3635,0.1778,63.2%
HotRank,激烈骂战(U型),polarization,suppression,Gamma,0.5,0.8,10,59.0%,84.6%,15.4%,69.2%,0.5077,0.4783,0.4920,0.3538,0.3635,0.1766,64.2%
HotRank,激烈骂战(U型),polarization,suppression,Gamma,0.5,0.9,10,59.0%,84.6%,15.2%,69.4%,0.5077,0.4783,0.4960,0.3538,0.3635,0.1805,64.0%
HotRank,激烈骂战(U型),polarization,suppression,Gamma,1.0,0.1,10,59.0%,84.6%,43.8%,40.8%,0.5077,0.4783,0.4253,0.3538,0.3635,0.2725,43.9%
HotRank,激烈骂战(U型),polarization,suppression,Gamma,1.0,0.2,10,59.0%,84.6%,28.6%,56.0%,0.5077,0.4783,0.4593,0.3538,0.3635,0.2310,50.2%
HotRank,激烈骂战(U型),polarization,suppression,Gamma,1.0,0.3,10,59.0%,84.6%,26.2%,58.4%,0.5077,0.4783,0.4871,0.3538,0.3635,0.2160,53.3%
HotRank,激烈骂战(U型),polarization,suppression,Gamma,1.0,0.4,10,59.0%,84.6%,23.6%,61.0%,0.5077,0.4783,0.4910,0.3538,0.3635,0.2092,55.7%
HotRank,激烈骂战(U型),polarization,suppression,Gamma,1.0,0.5,10,59.0%,84.6%,20.8%,63.8%,0.5077,0.4783,0.4891,0.3538,0.3635,0.1927,59.5%
HotRank,激烈骂战(U型),polarization,suppression,Gamma,1.0,0.6,10,59.0%,84.6%,18.4%,66.2%,0.5077,0.4783,0.4932,0.3538,0.3635,0.1839,62.0%
HotRank,激烈骂战(U型),polarization,suppression,Gamma,1.0,0.7,10,59.0%,84.6%,17.6%,67.0%,0.5077,0.4783,0.4950,0.3538,0.3635,0.1802,63.1%
HotRank,激烈骂战(U型),polarization,suppression,Gamma,1.0,0.8,10,59.0%,84.6%,16.0%,68.6%,0.5077,0.4783,0.4936,0.3538,0.3635,0.1794,63.9%
HotRank,激烈骂战(U型),polarization,suppression,Gamma,1.0,0.9,10,59.0%,84.6%,16.2%,68.4%,0.5077,0.4783,0.4921,0.3538,0.3635,0.1814,64.0%
HotRank,激烈骂战(U型),polarization,suppression,Gamma,2.0,0.1,10,59.0%,84.6%,46.6%,38.0%,0.5077,0.4783,0.4467,0.3538,0.3635,0.2793,42.9%
HotRank,激烈骂战(U型),polarization,suppression,Gamma,2.0,0.2,10,59.0%,84.6%,29.6%,55.0%,0.5077,0.4783,0.4750,0.3538,0.3635,0.2381,49.5%
HotRank,激烈骂战(U型),polarization,suppression,Gamma,2.0,0.3,10,59.0%,84.6%,28.6%,56.0%,0.5077,0.4783,0.4871,0.3538,0.3635,0.2275,52.5%
HotRank,激烈骂战(U型),polarization,suppression,Gamma,2.0,0.4,10,59.0%,84.6%,25.2%,59.4%,0.5077,0.4783,0.4960,0.3538,0.3635,0.2122,55.7%
HotRank,激烈骂战(U型),polarization,suppression,Gamma,2.0,0.5,10,59.0%,84.6%,23.6%,61.0%,0.5077,0.4783,0.5012,0.3538,0.3635,0.2042,58.1%
HotRank,激烈骂战(U型),polarization,suppression,Gamma,2.0,0.6,10,59.0%,84.6%,22.2%,62.4%,0.5077,0.4783,0.5019,0.3538,0.3635,0.1975,59.7%
HotRank,激烈骂战(U型),polarization,suppression,Gamma,2.0,0.7,10,59.0%,84.6%,18.2%,66.4%,0.5077,0.4783,0.4977,0.3538,0.3635,0.1857,61.7%
HotRank,激烈骂战(U型),polarization,suppression,Gamma,2.0,0.8,10,59.0%,84.6%,17.6%,67.0%,0.5077,0.4783,0.4923,0.3538,0.3635,0.1804,63.1%
HotRank,激烈骂战(U型),polarization,suppression,Gamma,2.0,0.9,10,59.0%,84.6%,17.2%,67.4%,0.5077,0.4783,0.4942,0.3538,0.3635,0.1814,63.8%
HotRank,饭圈控评(J型),fan_circle,scarcity,K,10,0.1,10,84.2%,92.0%,76.8%,15.2%,0.9070,0.8308,0.6892,0.1063,0.2063,0.2909,38.9%
HotRank,饭圈控评(J型),fan_circle,scarcity,K,10,0.2,10,84.2%,92.0%,69.2%,22.8%,0.9070,0.8308,0.6143,0.1063,0.2063,0.3060,39.0%
HotRank,饭圈控评(J型),fan_circle,scarcity,K,10,0.3,10,84.2%,92.0%,60.4%,31.6%,0.9070,0.8308,0.5656,0.1063,0.2063,0.3071,41.0%
HotRank,饭圈控评(J型),fan_circle,scarcity,K,10,0.4,10,84.2%,92.0%,46.6%,45.4%,0.9070,0.8308,0.5370,0.1063,0.2063,0.2879,43.9%
HotRank,饭圈控评(J型),fan_circle,scarcity,K,10,0.5,10,84.2%,92.0%,40.4%,51.6%,0.9070,0.8308,0.5167,0.1063,0.2063,0.2758,45.1%
HotRank,饭圈控评(J型),fan_circle,scarcity,K,10,0.6,10,84.2%,92.0%,26.4%,65.6%,0.9070,0.8308,0.5229,0.1063,0.2063,0.2418,47.1%
HotRank,饭圈控评(J型),fan_circle,scarcity,K,10,0.7,10,84.2%,92.0%,21.2%,70.8%,0.9070,0.8308,0.5436,0.1063,0.2063,0.2254,48.8%
HotRank,饭圈控评(J型),fan_circle,scarcity,K,10,0.8,10,84.2%,92.0%,18.0%,74.0%,0.9070,0.8308,0.5482,0.1063,0.2063,0.2110,49.8%
HotRank,饭圈控评(J型),fan_circle,scarcity,K,10,0.9,10,84.2%,92.0%,18.0%,74.0%,0.9070,0.8308,0.5686,0.1063,0.2063,0.1972,50.2%
HotRank,饭圈控评(J型),fan_circle,scarcity,K,20,0.1,10,84.2%,92.0%,81.2%,10.8%,0.9070,0.8308,0.7132,0.1063,0.2063,0.2721,41.4%
HotRank,饭圈控评(J型),fan_circle,scarcity,K,20,0.2,10,84.2%,92.0%,71.4%,20.6%,0.9070,0.8308,0.6432,0.1063,0.2063,0.2919,40.1%
HotRank,饭圈控评(J型),fan_circle,scarcity,K,20,0.3,10,84.2%,92.0%,64.6%,27.4%,0.9070,0.8308,0.5883,0.1063,0.2063,0.3025,40.4%
HotRank,饭圈控评(J型),fan_circle,scarcity,K,20,0.4,10,84.2%,92.0%,58.4%,33.6%,0.9070,0.8308,0.5670,0.1063,0.2063,0.2952,41.5%
HotRank,饭圈控评(J型),fan_circle,scarcity,K,20,0.5,10,84.2%,92.0%,49.0%,43.0%,0.9070,0.8308,0.5306,0.1063,0.2063,0.2836,43.5%
HotRank,饭圈控评(J型),fan_circle,scarcity,K,20,0.6,10,84.2%,92.0%,41.4%,50.6%,0.9070,0.8308,0.5159,0.1063,0.2063,0.2762,44.4%
HotRank,饭圈控评(J型),fan_circle,scarcity,K,20,0.7,10,84.2%,92.0%,31.6%,60.4%,0.9070,0.8308,0.5183,0.1063,0.2063,0.2585,45.7%
HotRank,饭圈控评(J型),fan_circle,scarcity,K,20,0.8,10,84.2%,92.0%,25.0%,67.0%,0.9070,0.8308,0.5224,0.1063,0.2063,0.2426,46.7%
HotRank,饭圈控评(J型),fan_circle,scarcity,K,20,0.9,10,84.2%,92.0%,22.8%,69.2%,0.9070,0.8308,0.5446,0.1063,0.2063,0.2400,46.2%
HotRank,饭圈控评(J型),fan_circle,scarcity,K,30,0.1,10,84.2%,92.0%,83.8%,8.2%,0.9070,0.8308,0.7403,0.1063,0.2063,0.2626,43.4%
HotRank,饭圈控评(J型),fan_circle,scarcity,K,30,0.2,10,84.2%,92.0%,77.2%,14.8%,0.9070,0.8308,0.6839,0.1063,0.2063,0.2872,41.1%
HotRank,饭圈控评(J型),fan_circle,scarcity,K,30,0.3,10,84.2%,92.0%,69.8%,22.2%,0.9070,0.8308,0.6523,0.1063,0.2063,0.2877,39.8%
HotRank,饭圈控评(J型),fan_circle,scarcity,K,30,0.4,10,84.2%,92.0%,64.6%,27.4%,0.9070,0.8308,0.6185,0.1063,0.2063,0.2913,40.0%
HotRank,饭圈控评(J型),fan_circle,scarcity,K,30,0.5,10,84.2%,92.0%,57.8%,34.2%,0.9070,0.8308,0.5821,0.1063,0.2063,0.2918,41.3%
HotRank,饭圈控评(J型),fan_circle,scarcity,K,30,0.6,10,84.2%,92.0%,51.6%,40.4%,0.9070,0.8308,0.5612,0.1063,0.2063,0.2883,42.4%
HotRank,饭圈控评(J型),fan_circle,scarcity,K,30,0.7,10,84.2%,92.0%,42.0%,50.0%,0.9070,0.8308,0.5415,0.1063,0.2063,0.2728,44.0%
HotRank,饭圈控评(J型),fan_circle,scarcity,K,30,0.8,10,84.2%,92.0%,36.6%,55.4%,0.9070,0.8308,0.5259,0.1063,0.2063,0.2672,45.1%
HotRank,饭圈控评(J型),fan_circle,scarcity,K,30,0.9,10,84.2%,92.0%,22.8%,69.2%,0.9070,0.8308,0.5350,0.1063,0.2063,0.2269,48.3%
HotRank,饭圈控评(J型),fan_circle,suppression,Gamma,0.5,0.1,10,84.2%,92.0%,64.6%,27.4%,0.9070,0.8308,0.6422,0.1063,0.2063,0.3025,39.9%
HotRank,饭圈控评(J型),fan_circle,suppression,Gamma,0.5,0.2,10,84.2%,92.0%,47.8%,44.2%,0.9070,0.8308,0.6145,0.1063,0.2063,0.2662,43.5%
HotRank,饭圈控评(J型),fan_circle,suppression,Gamma,0.5,0.3,10,84.2%,92.0%,39.0%,53.0%,0.9070,0.8308,0.6116,0.1063,0.2063,0.2428,46.1%
HotRank,饭圈控评(J型),fan_circle,suppression,Gamma,0.5,0.4,10,84.2%,92.0%,36.4%,55.6%,0.9070,0.8308,0.6030,0.1063,0.2063,0.2310,47.8%
HotRank,饭圈控评(J型),fan_circle,suppression,Gamma,0.5,0.5,10,84.2%,92.0%,34.6%,57.4%,0.9070,0.8308,0.6100,0.1063,0.2063,0.2196,48.8%
HotRank,饭圈控评(J型),fan_circle,suppression,Gamma,0.5,0.6,10,84.2%,92.0%,31.4%,60.6%,0.9070,0.8308,0.6142,0.1063,0.2063,0.2056,50.8%
HotRank,饭圈控评(J型),fan_circle,suppression,Gamma,0.5,0.7,10,84.2%,92.0%,28.6%,63.4%,0.9070,0.8308,0.6074,0.1063,0.2063,0.2015,52.4%
HotRank,饭圈控评(J型),fan_circle,suppression,Gamma,0.5,0.8,10,84.2%,92.0%,25.4%,66.6%,0.9070,0.8308,0.6095,0.1063,0.2063,0.2043,53.1%
HotRank,饭圈控评(J型),fan_circle,suppression,Gamma,0.5,0.9,10,84.2%,92.0%,26.4%,65.6%,0.9070,0.8308,0.6145,0.1063,0.2063,0.2084,53.7%
HotRank,饭圈控评(J型),fan_circle,suppression,Gamma,1.0,0.1,10,84.2%,92.0%,56.8%,35.2%,0.9070,0.8308,0.6240,0.1063,0.2063,0.2942,41.4%
HotRank,饭圈控评(J型),fan_circle,suppression,Gamma,1.0,0.2,10,84.2%,92.0%,42.2%,49.8%,0.9070,0.8308,0.6236,0.1063,0.2063,0.2480,44.6%
HotRank,饭圈控评(J型),fan_circle,suppression,Gamma,1.0,0.3,10,84.2%,92.0%,41.6%,50.4%,0.9070,0.8308,0.6372,0.1063,0.2063,0.2312,45.6%
HotRank,饭圈控评(J型),fan_circle,suppression,Gamma,1.0,0.4,10,84.2%,92.0%,40.0%,52.0%,0.9070,0.8308,0.6295,0.1063,0.2063,0.2258,46.9%
HotRank,饭圈控评(J型),fan_circle,suppression,Gamma,1.0,0.5,10,84.2%,92.0%,34.0%,58.0%,0.9070,0.8308,0.6178,0.1063,0.2063,0.2116,49.7%
HotRank,饭圈控评(J型),fan_circle,suppression,Gamma,1.0,0.6,10,84.2%,92.0%,33.2%,58.8%,0.9070,0.8308,0.6232,0.1063,0.2063,0.2066,50.4%
HotRank,饭圈控评(J型),fan_circle,suppression,Gamma,1.0,0.7,10,84.2%,92.0%,28.6%,63.4%,0.9070,0.8308,0.6146,0.1063,0.2063,0.1996,52.0%
HotRank,饭圈控评(J型),fan_circle,suppression,Gamma,1.0,0.8,10,84.2%,92.0%,26.0%,66.0%,0.9070,0.8308,0.6177,0.1063,0.2063,0.2029,52.9%
HotRank,饭圈控评(J型),fan_circle,suppression,Gamma,1.0,0.9,10,84.2%,92.0%,24.6%,67.4%,0.9070,0.8308,0.6140,0.1063,0.2063,0.2087,53.9%
HotRank,饭圈控评(J型),fan_circle,suppression,Gamma,2.0,0.1,10,84.2%,92.0%,58.8%,33.2%,0.9070,0.8308,0.6602,0.1063,0.2063,0.2836,40.9%
HotRank,饭圈控评(J型),fan_circle,suppression,Gamma,2.0,0.2,10,84.2%,92.0%,47.4%,44.6%,0.9070,0.8308,0.6564,0.1063,0.2063,0.2460,42.6%
HotRank,饭圈控评(J型),fan_circle,suppression,Gamma,2.0,0.3,10,84.2%,92.0%,45.6%,46.4%,0.9070,0.8308,0.6564,0.1063,0.2063,0.2372,43.2%
HotRank,饭圈控评(J型),fan_circle,suppression,Gamma,2.0,0.4,10,84.2%,92.0%,43.2%,48.8%,0.9070,0.8308,0.6495,0.1063,0.2063,0.2296,44.9%
HotRank,饭圈控评(J型),fan_circle,suppression,Gamma,2.0,0.5,10,84.2%,92.0%,40.2%,51.8%,0.9070,0.8308,0.6537,0.1063,0.2063,0.2095,46.9%
HotRank,饭圈控评(J型),fan_circle,suppression,Gamma,2.0,0.6,10,84.2%,92.0%,36.4%,55.6%,0.9070,0.8308,0.6390,0.1063,0.2063,0.2070,48.7%
HotRank,饭圈控评(J型),fan_circle,suppression,Gamma,2.0,0.7,10,84.2%,92.0%,35.0%,57.0%,0.9070,0.8308,0.6318,0.1063,0.2063,0.2070,48.7%
HotRank,饭圈控评(J型),fan_circle,suppression,Gamma,2.0,0.8,10,84.2%,92.0%,30.4%,61.6%,0.9070,0.8308,0.6191,0.1063,0.2063,0.2050,51.0%
HotRank,饭圈控评(J型),fan_circle,suppression,Gamma,2.0,0.9,10,84.2%,92.0%,25.8%,66.2%,0.9070,0.8308,0.6129,0.1063,0.2063,0.2035,53.2%
HotRank,全网黑(反J型),blackout,scarcity,K,10,0.1,10,84.8%,88.6%,73.4%,15.2%,0.0923,0.1526,0.1851,0.1060,0.1174,0.1405,44.3%
HotRank,全网黑(反J型),blackout,scarcity,K,10,0.2,10,84.8%,88.6%,62.2%,26.4%,0.0923,0.1526,0.2042,0.1060,0.1174,0.1499,49.0%
HotRank,全网黑(反J型),blackout,scarcity,K,10,0.3,10,84.8%,88.6%,56.0%,32.6%,0.0923,0.1526,0.2223,0.1060,0.1174,0.1535,49.5%
HotRank,全网黑(反J型),blackout,scarcity,K,10,0.4,10,84.8%,88.6%,43.6%,45.0%,0.0923,0.1526,0.2388,0.1060,0.1174,0.1364,51.4%
HotRank,全网黑(反J型),blackout,scarcity,K,10,0.5,10,84.8%,88.6%,38.4%,50.2%,0.0923,0.1526,0.2600,0.1060,0.1174,0.1484,51.7%
HotRank,全网黑(反J型),blackout,scarcity,K,10,0.6,10,84.8%,88.6%,32.2%,56.4%,0.0923,0.1526,0.2881,0.1060,0.1174,0.1570,52.5%
HotRank,全网黑(反J型),blackout,scarcity,K,10,0.7,10,84.8%,88.6%,25.6%,63.0%,0.0923,0.1526,0.3219,0.1060,0.1174,0.1636,52.8%
HotRank,全网黑(反J型),blackout,scarcity,K,10,0.8,10,84.8%,88.6%,24.8%,63.8%,0.0923,0.1526,0.3358,0.1060,0.1174,0.1736,52.7%
HotRank,全网黑(反J型),blackout,scarcity,K,10,0.9,10,84.8%,88.6%,25.8%,62.8%,0.0923,0.1526,0.3535,0.1060,0.1174,0.1840,52.3%
HotRank,全网黑(反J型),blackout,scarcity,K,20,0.1,10,84.8%,88.6%,76.6%,12.0%,0.0923,0.1526,0.1891,0.1060,0.1174,0.1496,41.1%
HotRank,全网黑(反J型),blackout,scarcity,K,20,0.2,10,84.8%,88.6%,66.6%,22.0%,0.0923,0.1526,0.2131,0.1060,0.1174,0.1645,44.6%
HotRank,全网黑(反J型),blackout,scarcity,K,20,0.3,10,84.8%,88.6%,58.8%,29.8%,0.0923,0.1526,0.2139,0.1060,0.1174,0.1421,48.8%
HotRank,全网黑(反J型),blackout,scarcity,K,20,0.4,10,84.8%,88.6%,54.2%,34.4%,0.0923,0.1526,0.2173,0.1060,0.1174,0.1310,50.6%
HotRank,全网黑(反J型),blackout,scarcity,K,20,0.5,10,84.8%,88.6%,44.2%,44.4%,0.0923,0.1526,0.2524,0.1060,0.1174,0.1543,50.0%
HotRank,全网黑(反J型),blackout,scarcity,K,20,0.6,10,84.8%,88.6%,38.6%,50.0%,0.0923,0.1526,0.2678,0.1060,0.1174,0.1568,51.0%
HotRank,全网黑(反J型),blackout,scarcity,K,20,0.7,10,84.8%,88.6%,33.4%,55.2%,0.0923,0.1526,0.2858,0.1060,0.1174,0.1589,51.2%
HotRank,全网黑(反J型),blackout,scarcity,K,20,0.8,10,84.8%,88.6%,25.4%,63.2%,0.0923,0.1526,0.3161,0.1060,0.1174,0.1634,51.4%
HotRank,全网黑(反J型),blackout,scarcity,K,20,0.9,10,84.8%,88.6%,26.8%,61.8%,0.0923,0.1526,0.3207,0.1060,0.1174,0.1721,50.3%
HotRank,全网黑(反J型),blackout,scarcity,K,30,0.1,10,84.8%,88.6%,79.4%,9.2%,0.0923,0.1526,0.1955,0.1060,0.1174,0.1749,38.5%
HotRank,全网黑(反J型),blackout,scarcity,K,30,0.2,10,84.8%,88.6%,68.8%,19.8%,0.0923,0.1526,0.2016,0.1060,0.1174,0.1578,40.8%
HotRank,全网黑(反J型),blackout,scarcity,K,30,0.3,10,84.8%,88.6%,68.0%,20.6%,0.0923,0.1526,0.2077,0.1060,0.1174,0.1561,44.4%
HotRank,全网黑(反J型),blackout,scarcity,K,30,0.4,10,84.8%,88.6%,58.2%,30.4%,0.0923,0.1526,0.2179,0.1060,0.1174,0.1505,46.6%
HotRank,全网黑(反J型),blackout,scarcity,K,30,0.5,10,84.8%,88.6%,49.4%,39.2%,0.0923,0.1526,0.2303,0.1060,0.1174,0.1461,48.5%
HotRank,全网黑(反J型),blackout,scarcity,K,30,0.6,10,84.8%,88.6%,44.4%,44.2%,0.0923,0.1526,0.2392,0.1060,0.1174,0.1440,49.5%
HotRank,全网黑(反J型),blackout,scarcity,K,30,0.7,10,84.8%,88.6%,39.0%,49.6%,0.0923,0.1526,0.2549,0.1060,0.1174,0.1432,50.6%
HotRank,全网黑(反J型),blackout,scarcity,K,30,0.8,10,84.8%,88.6%,35.8%,52.8%,0.0923,0.1526,0.2738,0.1060,0.1174,0.1533,51.1%
HotRank,全网黑(反J型),blackout,scarcity,K,30,0.9,10,84.8%,88.6%,26.8%,61.8%,0.0923,0.1526,0.3250,0.1060,0.1174,0.1617,53.1%
HotRank,全网黑(反J型),blackout,suppression,Gamma,0.5,0.1,10,84.8%,88.6%,58.4%,30.2%,0.0923,0.1526,0.2244,0.1060,0.1174,0.1521,43.6%
HotRank,全网黑(反J型),blackout,suppression,Gamma,0.5,0.2,10,84.8%,88.6%,37.2%,51.4%,0.0923,0.1526,0.3058,0.1060,0.1174,0.1777,48.3%
HotRank,全网黑(反J型),blackout,suppression,Gamma,0.5,0.3,10,84.8%,88.6%,28.0%,60.6%,0.0923,0.1526,0.3323,0.1060,0.1174,0.1648,53.0%
HotRank,全网黑(反J型),blackout,suppression,Gamma,0.5,0.4,10,84.8%,88.6%,23.6%,65.0%,0.0923,0.1526,0.3506,0.1060,0.1174,0.1590,56.0%
HotRank,全网黑(反J型),blackout,suppression,Gamma,0.5,0.5,10,84.8%,88.6%,22.6%,66.0%,0.0923,0.1526,0.3588,0.1060,0.1174,0.1577,58.3%
HotRank,全网黑(反J型),blackout,suppression,Gamma,0.5,0.6,10,84.8%,88.6%,19.6%,69.0%,0.0923,0.1526,0.3782,0.1060,0.1174,0.1537,61.1%
HotRank,全网黑(反J型),blackout,suppression,Gamma,0.5,0.7,10,84.8%,88.6%,18.4%,70.2%,0.0923,0.1526,0.3875,0.1060,0.1174,0.1555,63.2%
HotRank,全网黑(反J型),blackout,suppression,Gamma,0.5,0.8,10,84.8%,88.6%,17.6%,71.0%,0.0923,0.1526,0.3915,0.1060,0.1174,0.1573,64.1%
HotRank,全网黑(反J型),blackout,suppression,Gamma,0.5,0.9,10,84.8%,88.6%,17.6%,71.0%,0.0923,0.1526,0.3905,0.1060,0.1174,0.1634,64.0%
HotRank,全网黑(反J型),blackout,suppression,Gamma,1.0,0.1,10,84.8%,88.6%,48.4%,40.2%,0.0923,0.1526,0.2549,0.1060,0.1174,0.1588,44.1%
HotRank,全网黑(反J型),blackout,suppression,Gamma,1.0,0.2,10,84.8%,88.6%,33.6%,55.0%,0.0923,0.1526,0.3204,0.1060,0.1174,0.1716,50.7%
HotRank,全网黑(反J型),blackout,suppression,Gamma,1.0,0.3,10,84.8%,88.6%,26.0%,62.6%,0.0923,0.1526,0.3521,0.1060,0.1174,0.1666,54.9%
HotRank,全网黑(反J型),blackout,suppression,Gamma,1.0,0.4,10,84.8%,88.6%,24.4%,64.2%,0.0923,0.1526,0.3567,0.1060,0.1174,0.1617,57.3%
HotRank,全网黑(反J型),blackout,suppression,Gamma,1.0,0.5,10,84.8%,88.6%,21.0%,67.6%,0.0923,0.1526,0.3757,0.1060,0.1174,0.1593,60.2%
HotRank,全网黑(反J型),blackout,suppression,Gamma,1.0,0.6,10,84.8%,88.6%,19.2%,69.4%,0.0923,0.1526,0.3879,0.1060,0.1174,0.1566,62.4%
HotRank,全网黑(反J型),blackout,suppression,Gamma,1.0,0.7,10,84.8%,88.6%,17.4%,71.2%,0.0923,0.1526,0.3914,0.1060,0.1174,0.1530,63.6%
HotRank,全网黑(反J型),blackout,suppression,Gamma,1.0,0.8,10,84.8%,88.6%,17.4%,71.2%,0.0923,0.1526,0.3948,0.1060,0.1174,0.1566,63.9%
HotRank,全网黑(反J型),blackout,suppression,Gamma,1.0,0.9,10,84.8%,88.6%,17.8%,70.8%,0.0923,0.1526,0.3887,0.1060,0.1174,0.1617,64.3%
HotRank,全网黑(反J型),blackout,suppression,Gamma,2.0,0.1,10,84.8%,88.6%,51.0%,37.6%,0.0923,0.1526,0.2722,0.1060,0.1174,0.1900,42.8%
HotRank,全网黑(反J型),blackout,suppression,Gamma,2.0,0.2,10,84.8%,88.6%,34.4%,54.2%,0.0923,0.1526,0.3176,0.1060,0.1174,0.1729,50.5%
HotRank,全网黑(反J型),blackout,suppression,Gamma,2.0,0.3,10,84.8%,88.6%,30.0%,58.6%,0.0923,0.1526,0.3378,0.1060,0.1174,0.1694,53.5%
HotRank,全网黑(反J型),blackout,suppression,Gamma,2.0,0.4,10,84.8%,88.6%,26.6%,62.0%,0.0923,0.1526,0.3552,0.1060,0.1174,0.1671,57.0%
HotRank,全网黑(反J型),blackout,suppression,Gamma,2.0,0.5,10,84.8%,88.6%,23.2%,65.4%,0.0923,0.1526,0.3786,0.1060,0.1174,0.1651,59.5%
HotRank,全网黑(反J型),blackout,suppression,Gamma,2.0,0.6,10,84.8%,88.6%,23.2%,65.4%,0.0923,0.1526,0.3786,0.1060,0.1174,0.1652,60.4%
HotRank,全网黑(反J型),blackout,suppression,Gamma,2.0,0.7,10,84.8%,88.6%,20.4%,68.2%,0.0923,0.1526,0.3861,0.1060,0.1174,0.1602,62.1%
HotRank,全网黑(反J型),blackout,suppression,Gamma,2.0,0.8,10,84.8%,88.6%,18.6%,70.0%,0.0923,0.1526,0.3905,0.1060,0.1174,0.1538,63.7%
HotRank,全网黑(反J型),blackout,suppression,Gamma,2.0,0.9,10,84.8%,88.6%,16.8%,71.8%,0.0923,0.1526,0.3931,0.1060,0.1174,0.1567,64.0%
HotRank,普遍好评,positive_bias,scarcity,K,10,0.1,10,29.0%,73.0%,59.4%,13.6%,0.6790,0.6354,0.5424,0.1721,0.3142,0.2999,37.7%
HotRank,普遍好评,positive_bias,scarcity,K,10,0.2,10,29.0%,73.0%,50.2%,22.8%,0.6790,0.6354,0.4953,0.1721,0.3142,0.2824,40.5%
HotRank,普遍好评,positive_bias,scarcity,K,10,0.3,10,29.0%,73.0%,45.2%,27.8%,0.6790,0.6354,0.4473,0.1721,0.3142,0.2726,42.6%
HotRank,普遍好评,positive_bias,scarcity,K,10,0.4,10,29.0%,73.0%,30.4%,42.6%,0.6790,0.6354,0.4351,0.1721,0.3142,0.2352,46.9%
HotRank,普遍好评,positive_bias,scarcity,K,10,0.5,10,29.0%,73.0%,22.4%,50.6%,0.6790,0.6354,0.4436,0.1721,0.3142,0.2222,47.8%
HotRank,普遍好评,positive_bias,scarcity,K,10,0.6,10,29.0%,73.0%,12.4%,60.6%,0.6790,0.6354,0.4470,0.1721,0.3142,0.1901,50.3%
HotRank,普遍好评,positive_bias,scarcity,K,10,0.7,10,29.0%,73.0%,7.2%,65.8%,0.6790,0.6354,0.4787,0.1721,0.3142,0.1717,51.9%
HotRank,普遍好评,positive_bias,scarcity,K,10,0.8,10,29.0%,73.0%,6.0%,67.0%,0.6790,0.6354,0.4930,0.1721,0.3142,0.1588,52.9%
HotRank,普遍好评,positive_bias,scarcity,K,10,0.9,10,29.0%,73.0%,4.8%,68.2%,0.6790,0.6354,0.5120,0.1721,0.3142,0.1499,53.4%
HotRank,普遍好评,positive_bias,scarcity,K,20,0.1,10,29.0%,73.0%,62.2%,10.8%,0.6790,0.6354,0.5668,0.1721,0.3142,0.2983,38.5%
HotRank,普遍好评,positive_bias,scarcity,K,20,0.2,10,29.0%,73.0%,55.8%,17.2%,0.6790,0.6354,0.5151,0.1721,0.3142,0.2901,39.2%
HotRank,普遍好评,positive_bias,scarcity,K,20,0.3,10,29.0%,73.0%,47.0%,26.0%,0.6790,0.6354,0.4672,0.1721,0.3142,0.2757,41.7%
HotRank,普遍好评,positive_bias,scarcity,K,20,0.4,10,29.0%,73.0%,44.8%,28.2%,0.6790,0.6354,0.4591,0.1721,0.3142,0.2689,43.5%
HotRank,普遍好评,positive_bias,scarcity,K,20,0.5,10,29.0%,73.0%,30.2%,42.8%,0.6790,0.6354,0.4565,0.1721,0.3142,0.2375,45.5%
HotRank,普遍好评,positive_bias,scarcity,K,20,0.6,10,29.0%,73.0%,25.2%,47.8%,0.6790,0.6354,0.4474,0.1721,0.3142,0.2247,46.9%
HotRank,普遍好评,positive_bias,scarcity,K,20,0.7,10,29.0%,73.0%,16.4%,56.6%,0.6790,0.6354,0.4638,0.1721,0.3142,0.2034,48.4%
HotRank,普遍好评,positive_bias,scarcity,K,20,0.8,10,29.0%,73.0%,10.4%,62.6%,0.6790,0.6354,0.4693,0.1721,0.3142,0.1844,49.6%
HotRank,普遍好评,positive_bias,scarcity,K,20,0.9,10,29.0%,73.0%,11.0%,62.0%,0.6790,0.6354,0.4654,0.1721,0.3142,0.1892,49.0%
HotRank,普遍好评,positive_bias,scarcity,K,30,0.1,10,29.0%,73.0%,68.0%,5.0%,0.6790,0.6354,0.5950,0.1721,0.3142,0.3040,38.8%
HotRank,普遍好评,positive_bias,scarcity,K,30,0.2,10,29.0%,73.0%,58.6%,14.4%,0.6790,0.6354,0.5549,0.1721,0.3142,0.2962,38.6%
HotRank,普遍好评,positive_bias,scarcity,K,30,0.3,10,29.0%,73.0%,55.0%,18.0%,0.6790,0.6354,0.5201,0.1721,0.3142,0.2907,39.5%
HotRank,普遍好评,positive_bias,scarcity,K,30,0.4,10,29.0%,73.0%,50.6%,22.4%,0.6790,0.6354,0.4997,0.1721,0.3142,0.2848,40.8%
HotRank,普遍好评,positive_bias,scarcity,K,30,0.5,10,29.0%,73.0%,42.6%,30.4%,0.6790,0.6354,0.4616,0.1721,0.3142,0.2640,43.1%
HotRank,普遍好评,positive_bias,scarcity,K,30,0.6,10,29.0%,73.0%,36.8%,36.2%,0.6790,0.6354,0.4468,0.1721,0.3142,0.2493,44.5%
HotRank,普遍好评,positive_bias,scarcity,K,30,0.7,10,29.0%,73.0%,27.4%,45.6%,0.6790,0.6354,0.4476,0.1721,0.3142,0.2312,46.4%
HotRank,普遍好评,positive_bias,scarcity,K,30,0.8,10,29.0%,73.0%,22.8%,50.2%,0.6790,0.6354,0.4540,0.1721,0.3142,0.2191,47.7%
HotRank,普遍好评,positive_bias,scarcity,K,30,0.9,10,29.0%,73.0%,10.8%,62.2%,0.6790,0.6354,0.4642,0.1721,0.3142,0.1825,51.6%
HotRank,普遍好评,positive_bias,suppression,Gamma,0.5,0.1,10,29.0%,73.0%,48.0%,25.0%,0.6790,0.6354,0.5025,0.1721,0.3142,0.2841,41.0%
HotRank,普遍好评,positive_bias,suppression,Gamma,0.5,0.2,10,29.0%,73.0%,24.8%,48.2%,0.6790,0.6354,0.4998,0.1721,0.3142,0.2180,46.8%
HotRank,普遍好评,positive_bias,suppression,Gamma,0.5,0.3,10,29.0%,73.0%,18.8%,54.2%,0.6790,0.6354,0.5043,0.1721,0.3142,0.1951,51.9%
HotRank,普遍好评,positive_bias,suppression,Gamma,0.5,0.4,10,29.0%,73.0%,16.4%,56.6%,0.6790,0.6354,0.5166,0.1721,0.3142,0.1757,54.9%
HotRank,普遍好评,positive_bias,suppression,Gamma,0.5,0.5,10,29.0%,73.0%,15.2%,57.8%,0.6790,0.6354,0.5264,0.1721,0.3142,0.1675,57.7%
HotRank,普遍好评,positive_bias,suppression,Gamma,0.5,0.6,10,29.0%,73.0%,13.8%,59.2%,0.6790,0.6354,0.5290,0.1721,0.3142,0.1606,60.6%
HotRank,普遍好评,positive_bias,suppression,Gamma,0.5,0.7,10,29.0%,73.0%,10.8%,62.2%,0.6790,0.6354,0.5295,0.1721,0.3142,0.1473,63.9%
HotRank,普遍好评,positive_bias,suppression,Gamma,0.5,0.8,10,29.0%,73.0%,8.4%,64.6%,0.6790,0.6354,0.5255,0.1721,0.3142,0.1337,66.4%
HotRank,普遍好评,positive_bias,suppression,Gamma,0.5,0.9,10,29.0%,73.0%,9.6%,63.4%,0.6790,0.6354,0.5282,0.1721,0.3142,0.1321,66.5%
HotRank,普遍好评,positive_bias,suppression,Gamma,1.0,0.1,10,29.0%,73.0%,36.4%,36.6%,0.6790,0.6354,0.5007,0.1721,0.3142,0.2573,42.5%
HotRank,普遍好评,positive_bias,suppression,Gamma,1.0,0.2,10,29.0%,73.0%,19.0%,54.0%,0.6790,0.6354,0.5182,0.1721,0.3142,0.1972,50.1%
HotRank,普遍好评,positive_bias,suppression,Gamma,1.0,0.3,10,29.0%,73.0%,18.8%,54.2%,0.6790,0.6354,0.5370,0.1721,0.3142,0.1855,53.1%
HotRank,普遍好评,positive_bias,suppression,Gamma,1.0,0.4,10,29.0%,73.0%,17.0%,56.0%,0.6790,0.6354,0.5353,0.1721,0.3142,0.1765,56.5%
HotRank,普遍好评,positive_bias,suppression,Gamma,1.0,0.5,10,29.0%,73.0%,15.2%,57.8%,0.6790,0.6354,0.5360,0.1721,0.3142,0.1600,60.1%
HotRank,普遍好评,positive_bias,suppression,Gamma,1.0,0.6,10,29.0%,73.0%,12.2%,60.8%,0.6790,0.6354,0.5348,0.1721,0.3142,0.1480,63.2%
HotRank,普遍好评,positive_bias,suppression,Gamma,1.0,0.7,10,29.0%,73.0%,9.8%,63.2%,0.6790,0.6354,0.5288,0.1721,0.3142,0.1336,66.0%
HotRank,普遍好评,positive_bias,suppression,Gamma,1.0,0.8,10,29.0%,73.0%,8.0%,65.0%,0.6790,0.6354,0.5300,0.1721,0.3142,0.1327,66.6%
HotRank,普遍好评,positive_bias,suppression,Gamma,1.0,0.9,10,29.0%,73.0%,8.8%,64.2%,0.6790,0.6354,0.5311,0.1721,0.3142,0.1350,66.1%
HotRank,普遍好评,positive_bias,suppression,Gamma,2.0,0.1,10,29.0%,73.0%,36.8%,36.2%,0.6790,0.6354,0.5345,0.1721,0.3142,0.2534,42.9%
HotRank,普遍好评,positive_bias,suppression,Gamma,2.0,0.2,10,29.0%,73.0%,24.0%,49.0%,0.6790,0.6354,0.5432,0.1721,0.3142,0.2093,49.1%
HotRank,普遍好评,positive_bias,suppression,Gamma,2.0,0.3,10,29.0%,73.0%,21.2%,51.8%,0.6790,0.6354,0.5493,0.1721,0.3142,0.1946,52.3%
HotRank,普遍好评,positive_bias,suppression,Gamma,2.0,0.4,10,29.0%,73.0%,18.6%,54.4%,0.6790,0.6354,0.5441,0.1721,0.3142,0.1828,56.0%
HotRank,普遍好评,positive_bias,suppression,Gamma,2.0,0.5,10,29.0%,73.0%,16.4%,56.6%,0.6790,0.6354,0.5497,0.1721,0.3142,0.1683,60.1%
HotRank,普遍好评,positive_bias,suppression,Gamma,2.0,0.6,10,29.0%,73.0%,13.0%,60.0%,0.6790,0.6354,0.5417,0.1721,0.3142,0.1508,62.8%
HotRank,普遍好评,positive_bias,suppression,Gamma,2.0,0.7,10,29.0%,73.0%,11.8%,61.2%,0.6790,0.6354,0.5381,0.1721,0.3142,0.1468,63.5%
HotRank,普遍好评,positive_bias,suppression,Gamma,2.0,0.8,10,29.0%,73.0%,8.8%,64.2%,0.6790,0.6354,0.5274,0.1721,0.3142,0.1364,65.4%
HotRank,普遍好评,positive_bias,suppression,Gamma,2.0,0.9,10,29.0%,73.0%,9.0%,64.0%,0.6790,0.6354,0.5300,0.1721,0.3142,0.1322,66.4%
HotRank,普遍差评,negative_bias,scarcity,K,10,0.1,10,27.0%,73.2%,58.4%,14.8%,0.3428,0.2495,0.2727,0.1761,0.2205,0.2050,41.1%
HotRank,普遍差评,negative_bias,scarcity,K,10,0.2,10,27.0%,73.2%,46.8%,26.4%,0.3428,0.2495,0.2705,0.1761,0.2205,0.1761,46.2%
HotRank,普遍差评,negative_bias,scarcity,K,10,0.3,10,27.0%,73.2%,41.4%,31.8%,0.3428,0.2495,0.2827,0.1761,0.2205,0.1724,47.1%
HotRank,普遍差评,negative_bias,scarcity,K,10,0.4,10,27.0%,73.2%,30.6%,42.6%,0.3428,0.2495,0.2962,0.1761,0.2205,0.1496,50.6%
HotRank,普遍差评,negative_bias,scarcity,K,10,0.5,10,27.0%,73.2%,22.2%,51.0%,0.3428,0.2495,0.3219,0.1761,0.2205,0.1530,51.2%
HotRank,普遍差评,negative_bias,scarcity,K,10,0.6,10,27.0%,73.2%,13.2%,60.0%,0.3428,0.2495,0.3557,0.1761,0.2205,0.1454,53.1%
HotRank,普遍差评,negative_bias,scarcity,K,10,0.7,10,27.0%,73.2%,10.8%,62.4%,0.3428,0.2495,0.3797,0.1761,0.2205,0.1447,54.0%
HotRank,普遍差评,negative_bias,scarcity,K,10,0.8,10,27.0%,73.2%,8.6%,64.6%,0.3428,0.2495,0.3956,0.1761,0.2205,0.1365,54.2%
HotRank,普遍差评,negative_bias,scarcity,K,10,0.9,10,27.0%,73.2%,9.0%,64.2%,0.3428,0.2495,0.4249,0.1761,0.2205,0.1476,54.2%
HotRank,普遍差评,negative_bias,scarcity,K,20,0.1,10,27.0%,73.2%,60.2%,13.0%,0.3428,0.2495,0.2825,0.1761,0.2205,0.2148,38.4%
HotRank,普遍差评,negative_bias,scarcity,K,20,0.2,10,27.0%,73.2%,49.4%,23.8%,0.3428,0.2495,0.2831,0.1761,0.2205,0.1976,42.2%
HotRank,普遍差评,negative_bias,scarcity,K,20,0.3,10,27.0%,73.2%,45.2%,28.0%,0.3428,0.2495,0.2685,0.1761,0.2205,0.1580,46.9%
HotRank,普遍差评,negative_bias,scarcity,K,20,0.4,10,27.0%,73.2%,39.0%,34.2%,0.3428,0.2495,0.2801,0.1761,0.2205,0.1547,48.8%
HotRank,普遍差评,negative_bias,scarcity,K,20,0.5,10,27.0%,73.2%,28.4%,44.8%,0.3428,0.2495,0.3166,0.1761,0.2205,0.1604,48.9%
HotRank,普遍差评,negative_bias,scarcity,K,20,0.6,10,27.0%,73.2%,22.4%,50.8%,0.3428,0.2495,0.3248,0.1761,0.2205,0.1529,50.2%
HotRank,普遍差评,negative_bias,scarcity,K,20,0.7,10,27.0%,73.2%,15.4%,57.8%,0.3428,0.2495,0.3482,0.1761,0.2205,0.1454,51.1%
HotRank,普遍差评,negative_bias,scarcity,K,20,0.8,10,27.0%,73.2%,13.4%,59.8%,0.3428,0.2495,0.3692,0.1761,0.2205,0.1498,51.8%
HotRank,普遍差评,negative_bias,scarcity,K,20,0.9,10,27.0%,73.2%,14.2%,59.0%,0.3428,0.2495,0.3748,0.1761,0.2205,0.1550,50.7%
HotRank,普遍差评,negative_bias,scarcity,K,30,0.1,10,27.0%,73.2%,65.8%,7.4%,0.3428,0.2495,0.2760,0.1761,0.2205,0.2277,36.5%
HotRank,普遍差评,negative_bias,scarcity,K,30,0.2,10,27.0%,73.2%,56.2%,17.0%,0.3428,0.2495,0.2810,0.1761,0.2205,0.2100,38.9%
HotRank,普遍差评,negative_bias,scarcity,K,30,0.3,10,27.0%,73.2%,48.0%,25.2%,0.3428,0.2495,0.2840,0.1761,0.2205,0.1940,42.4%
HotRank,普遍差评,negative_bias,scarcity,K,30,0.4,10,27.0%,73.2%,41.8%,31.4%,0.3428,0.2495,0.2907,0.1761,0.2205,0.1842,44.5%
HotRank,普遍差评,negative_bias,scarcity,K,30,0.5,10,27.0%,73.2%,36.4%,36.8%,0.3428,0.2495,0.2820,0.1761,0.2205,0.1544,47.0%
HotRank,普遍差评,negative_bias,scarcity,K,30,0.6,10,27.0%,73.2%,30.8%,42.4%,0.3428,0.2495,0.2971,0.1761,0.2205,0.1502,48.2%
HotRank,普遍差评,negative_bias,scarcity,K,30,0.7,10,27.0%,73.2%,26.6%,46.6%,0.3428,0.2495,0.3145,0.1761,0.2205,0.1563,50.0%
HotRank,普遍差评,negative_bias,scarcity,K,30,0.8,10,27.0%,73.2%,21.2%,52.0%,0.3428,0.2495,0.3302,0.1761,0.2205,0.1550,50.7%
HotRank,普遍差评,negative_bias,scarcity,K,30,0.9,10,27.0%,73.2%,12.2%,61.0%,0.3428,0.2495,0.3770,0.1761,0.2205,0.1427,53.6%
HotRank,普遍差评,negative_bias,suppression,Gamma,0.5,0.1,10,27.0%,73.2%,41.6%,31.6%,0.3428,0.2495,0.2948,0.1761,0.2205,0.1790,43.1%
HotRank,普遍差评,negative_bias,suppression,Gamma,0.5,0.2,10,27.0%,73.2%,20.6%,52.6%,0.3428,0.2495,0.3645,0.1761,0.2205,0.1583,48.8%
HotRank,普遍差评,negative_bias,suppression,Gamma,0.5,0.3,10,27.0%,73.2%,13.8%,59.4%,0.3428,0.2495,0.3891,0.1761,0.2205,0.1440,54.5%
HotRank,普遍差评,negative_bias,suppression,Gamma,0.5,0.4,10,27.0%,73.2%,9.4%,63.8%,0.3428,0.2495,0.4114,0.1761,0.2205,0.1260,58.8%
HotRank,普遍差评,negative_bias,suppression,Gamma,0.5,0.5,10,27.0%,73.2%,8.8%,64.4%,0.3428,0.2495,0.4209,0.1761,0.2205,0.1240,62.0%
HotRank,普遍差评,negative_bias,suppression,Gamma,0.5,0.6,10,27.0%,73.2%,8.0%,65.2%,0.3428,0.2495,0.4333,0.1761,0.2205,0.1177,65.6%
HotRank,普遍差评,negative_bias,suppression,Gamma,0.5,0.7,10,27.0%,73.2%,6.6%,66.6%,0.3428,0.2495,0.4375,0.1761,0.2205,0.1102,68.8%
HotRank,普遍差评,negative_bias,suppression,Gamma,0.5,0.8,10,27.0%,73.2%,5.8%,67.4%,0.3428,0.2495,0.4407,0.1761,0.2205,0.1057,70.2%
HotRank,普遍差评,negative_bias,suppression,Gamma,0.5,0.9,10,27.0%,73.2%,5.2%,68.0%,0.3428,0.2495,0.4437,0.1761,0.2205,0.1043,70.5%
HotRank,普遍差评,negative_bias,suppression,Gamma,1.0,0.1,10,27.0%,73.2%,33.8%,39.4%,0.3428,0.2495,0.3270,0.1761,0.2205,0.1804,43.9%
HotRank,普遍差评,negative_bias,suppression,Gamma,1.0,0.2,10,27.0%,73.2%,14.6%,58.6%,0.3428,0.2495,0.3924,0.1761,0.2205,0.1505,52.4%
HotRank,普遍差评,negative_bias,suppression,Gamma,1.0,0.3,10,27.0%,73.2%,11.4%,61.8%,0.3428,0.2495,0.4109,0.1761,0.2205,0.1310,57.4%
HotRank,普遍差评,negative_bias,suppression,Gamma,1.0,0.4,10,27.0%,73.2%,10.2%,63.0%,0.3428,0.2495,0.4168,0.1761,0.2205,0.1267,61.0%
HotRank,普遍差评,negative_bias,suppression,Gamma,1.0,0.5,10,27.0%,73.2%,7.8%,65.4%,0.3428,0.2495,0.4301,0.1761,0.2205,0.1188,64.9%
HotRank,普遍差评,negative_bias,suppression,Gamma,1.0,0.6,10,27.0%,73.2%,6.8%,66.4%,0.3428,0.2495,0.4383,0.1761,0.2205,0.1107,68.1%
HotRank,普遍差评,negative_bias,suppression,Gamma,1.0,0.7,10,27.0%,73.2%,5.8%,67.4%,0.3428,0.2495,0.4428,0.1761,0.2205,0.1058,69.6%
HotRank,普遍差评,negative_bias,suppression,Gamma,1.0,0.8,10,27.0%,73.2%,5.8%,67.4%,0.3428,0.2495,0.4451,0.1761,0.2205,0.1050,70.3%
HotRank,普遍差评,negative_bias,suppression,Gamma,1.0,0.9,10,27.0%,73.2%,6.8%,66.4%,0.3428,0.2495,0.4362,0.1761,0.2205,0.1089,70.2%
HotRank,普遍差评,negative_bias,suppression,Gamma,2.0,0.1,10,27.0%,73.2%,31.2%,42.0%,0.3428,0.2495,0.3563,0.1761,0.2205,0.1855,44.1%
HotRank,普遍差评,negative_bias,suppression,Gamma,2.0,0.2,10,27.0%,73.2%,16.2%,57.0%,0.3428,0.2495,0.3868,0.1761,0.2205,0.1481,52.6%
HotRank,普遍差评,negative_bias,suppression,Gamma,2.0,0.3,10,27.0%,73.2%,13.2%,60.0%,0.3428,0.2495,0.4078,0.1761,0.2205,0.1410,57.0%
HotRank,普遍差评,negative_bias,suppression,Gamma,2.0,0.4,10,27.0%,73.2%,10.2%,63.0%,0.3428,0.2495,0.4190,0.1761,0.2205,0.1303,61.2%
HotRank,普遍差评,negative_bias,suppression,Gamma,2.0,0.5,10,27.0%,73.2%,9.4%,63.8%,0.3428,0.2495,0.4338,0.1761,0.2205,0.1234,65.6%
HotRank,普遍差评,negative_bias,suppression,Gamma,2.0,0.6,10,27.0%,73.2%,8.6%,64.6%,0.3428,0.2495,0.4358,0.1761,0.2205,0.1187,66.8%
HotRank,普遍差评,negative_bias,suppression,Gamma,2.0,0.7,10,27.0%,73.2%,7.0%,66.2%,0.3428,0.2495,0.4376,0.1761,0.2205,0.1110,68.6%
HotRank,普遍差评,negative_bias,suppression,Gamma,2.0,0.8,10,27.0%,73.2%,6.2%,67.0%,0.3428,0.2495,0.4392,0.1761,0.2205,0.1071,70.2%
HotRank,普遍差评,negative_bias,suppression,Gamma,2.0,0.9,10,27.0%,73.2%,6.4%,66.8%,0.3428,0.2495,0.4396,0.1761,0.2205,0.1066,70.2%
HotRank,理性讨论(钟型),consensus,scarcity,K,10,0.1,10,18.4%,70.0%,57.2%,12.8%,0.5173,0.4494,0.4102,0.2195,0.3301,0.2894,39.0%
HotRank,理性讨论(钟型),consensus,scarcity,K,10,0.2,10,18.4%,70.0%,46.6%,23.4%,0.5173,0.4494,0.3942,0.2195,0.3301,0.2612,43.2%
HotRank,理性讨论(钟型),consensus,scarcity,K,10,0.3,10,18.4%,70.0%,42.6%,27.4%,0.5173,0.4494,0.3613,0.2195,0.3301,0.2383,44.8%
HotRank,理性讨论(钟型),consensus,scarcity,K,10,0.4,10,18.4%,70.0%,26.4%,43.6%,0.5173,0.4494,0.3713,0.2195,0.3301,0.1989,48.9%
HotRank,理性讨论(钟型),consensus,scarcity,K,10,0.5,10,18.4%,70.0%,20.2%,49.8%,0.5173,0.4494,0.3815,0.2195,0.3301,0.1912,49.7%
HotRank,理性讨论(钟型),consensus,scarcity,K,10,0.6,10,18.4%,70.0%,10.4%,59.6%,0.5173,0.4494,0.3930,0.2195,0.3301,0.1629,52.2%
HotRank,理性讨论(钟型),consensus,scarcity,K,10,0.7,10,18.4%,70.0%,7.4%,62.6%,0.5173,0.4494,0.4275,0.2195,0.3301,0.1567,53.4%
HotRank,理性讨论(钟型),consensus,scarcity,K,10,0.8,10,18.4%,70.0%,5.0%,65.0%,0.5173,0.4494,0.4421,0.2195,0.3301,0.1484,54.1%
HotRank,理性讨论(钟型),consensus,scarcity,K,10,0.9,10,18.4%,70.0%,4.4%,65.6%,0.5173,0.4494,0.4667,0.2195,0.3301,0.1438,54.5%
HotRank,理性讨论(钟型),consensus,scarcity,K,20,0.1,10,18.4%,70.0%,58.4%,11.6%,0.5173,0.4494,0.4176,0.2195,0.3301,0.2896,38.1%
HotRank,理性讨论(钟型),consensus,scarcity,K,20,0.2,10,18.4%,70.0%,50.4%,19.6%,0.5173,0.4494,0.3987,0.2195,0.3301,0.2697,40.4%
HotRank,理性讨论(钟型),consensus,scarcity,K,20,0.3,10,18.4%,70.0%,42.0%,28.0%,0.5173,0.4494,0.3696,0.2195,0.3301,0.2378,44.2%
HotRank,理性讨论(钟型),consensus,scarcity,K,20,0.4,10,18.4%,70.0%,38.2%,31.8%,0.5173,0.4494,0.3700,0.2195,0.3301,0.2274,46.2%
HotRank,理性讨论(钟型),consensus,scarcity,K,20,0.5,10,18.4%,70.0%,25.8%,44.2%,0.5173,0.4494,0.3917,0.2195,0.3301,0.2103,47.6%
HotRank,理性讨论(钟型),consensus,scarcity,K,20,0.6,10,18.4%,70.0%,21.2%,48.8%,0.5173,0.4494,0.3828,0.2195,0.3301,0.1898,48.7%
HotRank,理性讨论(钟型),consensus,scarcity,K,20,0.7,10,18.4%,70.0%,14.0%,56.0%,0.5173,0.4494,0.4033,0.2195,0.3301,0.1759,50.1%
HotRank,理性讨论(钟型),consensus,scarcity,K,20,0.8,10,18.4%,70.0%,10.4%,59.6%,0.5173,0.4494,0.4195,0.2195,0.3301,0.1655,51.1%
HotRank,理性讨论(钟型),consensus,scarcity,K,20,0.9,10,18.4%,70.0%,11.0%,59.0%,0.5173,0.4494,0.4191,0.2195,0.3301,0.1710,50.2%
HotRank,理性讨论(钟型),consensus,scarcity,K,30,0.1,10,18.4%,70.0%,62.6%,7.4%,0.5173,0.4494,0.4462,0.2195,0.3301,0.3075,37.3%
HotRank,理性讨论(钟型),consensus,scarcity,K,30,0.2,10,18.4%,70.0%,57.0%,13.0%,0.5173,0.4494,0.4234,0.2195,0.3301,0.2887,38.5%
HotRank,理性讨论(钟型),consensus,scarcity,K,30,0.3,10,18.4%,70.0%,48.0%,22.0%,0.5173,0.4494,0.4030,0.2195,0.3301,0.2656,40.5%
HotRank,理性讨论(钟型),consensus,scarcity,K,30,0.4,10,18.4%,70.0%,45.2%,24.8%,0.5173,0.4494,0.4057,0.2195,0.3301,0.2613,42.2%
HotRank,理性讨论(钟型),consensus,scarcity,K,30,0.5,10,18.4%,70.0%,37.8%,32.2%,0.5173,0.4494,0.3731,0.2195,0.3301,0.2305,45.2%
HotRank,理性讨论(钟型),consensus,scarcity,K,30,0.6,10,18.4%,70.0%,33.0%,37.0%,0.5173,0.4494,0.3726,0.2195,0.3301,0.2162,46.2%
HotRank,理性讨论(钟型),consensus,scarcity,K,30,0.7,10,18.4%,70.0%,24.6%,45.4%,0.5173,0.4494,0.3801,0.2195,0.3301,0.1987,48.4%
HotRank,理性讨论(钟型),consensus,scarcity,K,30,0.8,10,18.4%,70.0%,19.0%,51.0%,0.5173,0.4494,0.3894,0.2195,0.3301,0.1885,49.7%
HotRank,理性讨论(钟型),consensus,scarcity,K,30,0.9,10,18.4%,70.0%,10.4%,59.6%,0.5173,0.4494,0.4178,0.2195,0.3301,0.1653,53.2%
HotRank,理性讨论(钟型),consensus,suppression,Gamma,0.5,0.1,10,18.4%,70.0%,42.4%,27.6%,0.5173,0.4494,0.3930,0.2195,0.3301,0.2498,42.3%
HotRank,理性讨论(钟型),consensus,suppression,Gamma,0.5,0.2,10,18.4%,70.0%,21.4%,48.6%,0.5173,0.4494,0.4268,0.2195,0.3301,0.1951,48.3%
HotRank,理性讨论(钟型),consensus,suppression,Gamma,0.5,0.3,10,18.4%,70.0%,15.0%,55.0%,0.5173,0.4494,0.4376,0.2195,0.3301,0.1707,54.2%
HotRank,理性讨论(钟型),consensus,suppression,Gamma,0.5,0.4,10,18.4%,70.0%,11.6%,58.4%,0.5173,0.4494,0.4578,0.2195,0.3301,0.1544,57.8%
HotRank,理性讨论(钟型),consensus,suppression,Gamma,0.5,0.5,10,18.4%,70.0%,10.4%,59.6%,0.5173,0.4494,0.4634,0.2195,0.3301,0.1484,61.0%
HotRank,理性讨论(钟型),consensus,suppression,Gamma,0.5,0.6,10,18.4%,70.0%,9.4%,60.6%,0.5173,0.4494,0.4739,0.2195,0.3301,0.1413,64.5%
HotRank,理性讨论(钟型),consensus,suppression,Gamma,0.5,0.7,10,18.4%,70.0%,7.4%,62.6%,0.5173,0.4494,0.4791,0.2195,0.3301,0.1303,68.2%
HotRank,理性讨论(钟型),consensus,suppression,Gamma,0.5,0.8,10,18.4%,70.0%,5.8%,64.2%,0.5173,0.4494,0.4789,0.2195,0.3301,0.1192,70.3%
HotRank,理性讨论(钟型),consensus,suppression,Gamma,0.5,0.9,10,18.4%,70.0%,6.4%,63.6%,0.5173,0.4494,0.4805,0.2195,0.3301,0.1181,70.7%
HotRank,理性讨论(钟型),consensus,suppression,Gamma,1.0,0.1,10,18.4%,70.0%,31.8%,38.2%,0.5173,0.4494,0.4114,0.2195,0.3301,0.2261,43.8%
HotRank,理性讨论(钟型),consensus,suppression,Gamma,1.0,0.2,10,18.4%,70.0%,16.8%,53.2%,0.5173,0.4494,0.4497,0.2195,0.3301,0.1833,51.9%
HotRank,理性讨论(钟型),consensus,suppression,Gamma,1.0,0.3,10,18.4%,70.0%,12.8%,57.2%,0.5173,0.4494,0.4650,0.2195,0.3301,0.1614,56.9%
HotRank,理性讨论(钟型),consensus,suppression,Gamma,1.0,0.4,10,18.4%,70.0%,12.0%,58.0%,0.5173,0.4494,0.4702,0.2195,0.3301,0.1571,60.2%
HotRank,理性讨论(钟型),consensus,suppression,Gamma,1.0,0.5,10,18.4%,70.0%,9.6%,60.4%,0.5173,0.4494,0.4785,0.2195,0.3301,0.1422,63.8%
HotRank,理性讨论(钟型),consensus,suppression,Gamma,1.0,0.6,10,18.4%,70.0%,7.0%,63.0%,0.5173,0.4494,0.4818,0.2195,0.3301,0.1273,67.7%
HotRank,理性讨论(钟型),consensus,suppression,Gamma,1.0,0.7,10,18.4%,70.0%,6.4%,63.6%,0.5173,0.4494,0.4820,0.2195,0.3301,0.1194,69.0%
HotRank,理性讨论(钟型),consensus,suppression,Gamma,1.0,0.8,10,18.4%,70.0%,6.2%,63.8%,0.5173,0.4494,0.4829,0.2195,0.3301,0.1181,70.1%
HotRank,理性讨论(钟型),consensus,suppression,Gamma,1.0,0.9,10,18.4%,70.0%,6.4%,63.6%,0.5173,0.4494,0.4799,0.2195,0.3301,0.1195,70.7%
HotRank,理性讨论(钟型),consensus,suppression,Gamma,2.0,0.1,10,18.4%,70.0%,33.8%,36.2%,0.5173,0.4494,0.4400,0.2195,0.3301,0.2381,44.2%
HotRank,理性讨论(钟型),consensus,suppression,Gamma,2.0,0.2,10,18.4%,70.0%,17.4%,52.6%,0.5173,0.4494,0.4594,0.2195,0.3301,0.1855,52.3%
HotRank,理性讨论(钟型),consensus,suppression,Gamma,2.0,0.3,10,18.4%,70.0%,14.8%,55.2%,0.5173,0.4494,0.4742,0.2195,0.3301,0.1756,56.2%
HotRank,理性讨论(钟型),consensus,suppression,Gamma,2.0,0.4,10,18.4%,70.0%,12.6%,57.4%,0.5173,0.4494,0.4768,0.2195,0.3301,0.1632,60.5%
HotRank,理性讨论(钟型),consensus,suppression,Gamma,2.0,0.5,10,18.4%,70.0%,11.4%,58.6%,0.5173,0.4494,0.4816,0.2195,0.3301,0.1495,64.6%
HotRank,理性讨论(钟型),consensus,suppression,Gamma,2.0,0.6,10,18.4%,70.0%,9.2%,60.8%,0.5173,0.4494,0.4859,0.2195,0.3301,0.1384,66.9%
HotRank,理性讨论(钟型),consensus,suppression,Gamma,2.0,0.7,10,18.4%,70.0%,7.6%,62.4%,0.5173,0.4494,0.4814,0.2195,0.3301,0.1297,68.2%
HotRank,理性讨论(钟型),consensus,suppression,Gamma,2.0,0.8,10,18.4%,70.0%,5.8%,64.2%,0.5173,0.4494,0.4782,0.2195,0.3301,0.1225,69.7%
HotRank,理性讨论(钟型),consensus,suppression,Gamma,2.0,0.9,10,18.4%,70.0%,6.2%,63.8%,0.5173,0.4494,0.4798,0.2195,0.3301,0.1176,70.5%
HotRank,无序状态,random,scarcity,K,10,0.1,10,40.2%,79.2%,63.4%,15.8%,0.5141,0.4716,0.4254,0.2877,0.3517,0.3043,39.8%
HotRank,无序状态,random,scarcity,K,10,0.2,10,40.2%,79.2%,54.8%,24.4%,0.5141,0.4716,0.3836,0.2877,0.3517,0.2772,43.3%
HotRank,无序状态,random,scarcity,K,10,0.3,10,40.2%,79.2%,47.6%,31.6%,0.5141,0.4716,0.3698,0.2877,0.3517,0.2549,44.8%
HotRank,无序状态,random,scarcity,K,10,0.4,10,40.2%,79.2%,34.4%,44.8%,0.5141,0.4716,0.3703,0.2877,0.3517,0.2259,48.2%
HotRank,无序状态,random,scarcity,K,10,0.5,10,40.2%,79.2%,27.0%,52.2%,0.5141,0.4716,0.3767,0.2877,0.3517,0.2107,49.0%
HotRank,无序状态,random,scarcity,K,10,0.6,10,40.2%,79.2%,19.2%,60.0%,0.5141,0.4716,0.3951,0.2877,0.3517,0.1952,51.1%
HotRank,无序状态,random,scarcity,K,10,0.7,10,40.2%,79.2%,14.0%,65.2%,0.5141,0.4716,0.4159,0.2877,0.3517,0.1837,52.1%
HotRank,无序状态,random,scarcity,K,10,0.8,10,40.2%,79.2%,11.4%,67.8%,0.5141,0.4716,0.4364,0.2877,0.3517,0.1749,52.6%
HotRank,无序状态,random,scarcity,K,10,0.9,10,40.2%,79.2%,10.8%,68.4%,0.5141,0.4716,0.4580,0.2877,0.3517,0.1714,53.0%
HotRank,无序状态,random,scarcity,K,20,0.1,10,40.2%,79.2%,69.4%,9.8%,0.5141,0.4716,0.4332,0.2877,0.3517,0.3164,39.2%
HotRank,无序状态,random,scarcity,K,20,0.2,10,40.2%,79.2%,60.0%,19.2%,0.5141,0.4716,0.4311,0.2877,0.3517,0.2986,40.9%
HotRank,无序状态,random,scarcity,K,20,0.3,10,40.2%,79.2%,51.0%,28.2%,0.5141,0.4716,0.3890,0.2877,0.3517,0.2721,44.1%
HotRank,无序状态,random,scarcity,K,20,0.4,10,40.2%,79.2%,46.4%,32.8%,0.5141,0.4716,0.3776,0.2877,0.3517,0.2511,45.8%
HotRank,无序状态,random,scarcity,K,20,0.5,10,40.2%,79.2%,35.6%,43.6%,0.5141,0.4716,0.3754,0.2877,0.3517,0.2297,47.1%
HotRank,无序状态,random,scarcity,K,20,0.6,10,40.2%,79.2%,30.6%,48.6%,0.5141,0.4716,0.3830,0.2877,0.3517,0.2198,48.2%
HotRank,无序状态,random,scarcity,K,20,0.7,10,40.2%,79.2%,20.8%,58.4%,0.5141,0.4716,0.3951,0.2877,0.3517,0.1996,49.2%
HotRank,无序状态,random,scarcity,K,20,0.8,10,40.2%,79.2%,15.4%,63.8%,0.5141,0.4716,0.4124,0.2877,0.3517,0.1881,50.1%
HotRank,无序状态,random,scarcity,K,20,0.9,10,40.2%,79.2%,15.8%,63.4%,0.5141,0.4716,0.4240,0.2877,0.3517,0.1848,49.5%
HotRank,无序状态,random,scarcity,K,30,0.1,10,40.2%,79.2%,73.0%,6.2%,0.5141,0.4716,0.4468,0.2877,0.3517,0.3256,38.6%
HotRank,无序状态,random,scarcity,K,30,0.2,10,40.2%,79.2%,62.0%,17.2%,0.5141,0.4716,0.4287,0.2877,0.3517,0.3058,39.3%
HotRank,无序状态,random,scarcity,K,30,0.3,10,40.2%,79.2%,57.8%,21.4%,0.5141,0.4716,0.4192,0.2877,0.3517,0.2908,41.0%
HotRank,无序状态,random,scarcity,K,30,0.4,10,40.2%,79.2%,51.4%,27.8%,0.5141,0.4716,0.4108,0.2877,0.3517,0.2805,42.6%
HotRank,无序状态,random,scarcity,K,30,0.5,10,40.2%,79.2%,42.6%,36.6%,0.5141,0.4716,0.3894,0.2877,0.3517,0.2531,44.6%
HotRank,无序状态,random,scarcity,K,30,0.6,10,40.2%,79.2%,38.4%,40.8%,0.5141,0.4716,0.3812,0.2877,0.3517,0.2402,46.0%
HotRank,无序状态,random,scarcity,K,30,0.7,10,40.2%,79.2%,33.8%,45.4%,0.5141,0.4716,0.3903,0.2877,0.3517,0.2236,47.6%
HotRank,无序状态,random,scarcity,K,30,0.8,10,40.2%,79.2%,26.6%,52.6%,0.5141,0.4716,0.3824,0.2877,0.3517,0.2108,48.9%
HotRank,无序状态,random,scarcity,K,30,0.9,10,40.2%,79.2%,16.2%,63.0%,0.5141,0.4716,0.4158,0.2877,0.3517,0.1817,52.1%
HotRank,无序状态,random,suppression,Gamma,0.5,0.1,10,40.2%,79.2%,49.6%,29.6%,0.5141,0.4716,0.4184,0.2877,0.3517,0.2829,41.5%
HotRank,无序状态,random,suppression,Gamma,0.5,0.2,10,40.2%,79.2%,28.8%,50.4%,0.5141,0.4716,0.4327,0.2877,0.3517,0.2266,47.0%
HotRank,无序状态,random,suppression,Gamma,0.5,0.3,10,40.2%,79.2%,23.6%,55.6%,0.5141,0.4716,0.4417,0.2877,0.3517,0.2051,52.0%
HotRank,无序状态,random,suppression,Gamma,0.5,0.4,10,40.2%,79.2%,18.0%,61.2%,0.5141,0.4716,0.4672,0.2877,0.3517,0.1820,55.4%
HotRank,无序状态,random,suppression,Gamma,0.5,0.5,10,40.2%,79.2%,15.2%,64.0%,0.5141,0.4716,0.4739,0.2877,0.3517,0.1727,58.5%
HotRank,无序状态,random,suppression,Gamma,0.5,0.6,10,40.2%,79.2%,14.2%,65.0%,0.5141,0.4716,0.4783,0.2877,0.3517,0.1636,62.1%
HotRank,无序状态,random,suppression,Gamma,0.5,0.7,10,40.2%,79.2%,11.4%,67.8%,0.5141,0.4716,0.4813,0.2877,0.3517,0.1505,65.2%
HotRank,无序状态,random,suppression,Gamma,0.5,0.8,10,40.2%,79.2%,10.2%,69.0%,0.5141,0.4716,0.4842,0.2877,0.3517,0.1461,66.6%
HotRank,无序状态,random,suppression,Gamma,0.5,0.9,10,40.2%,79.2%,10.8%,68.4%,0.5141,0.4716,0.4850,0.2877,0.3517,0.1476,66.9%
HotRank,无序状态,random,suppression,Gamma,1.0,0.1,10,40.2%,79.2%,42.0%,37.2%,0.5141,0.4716,0.4084,0.2877,0.3517,0.2569,42.7%
HotRank,无序状态,random,suppression,Gamma,1.0,0.2,10,40.2%,79.2%,25.4%,53.8%,0.5141,0.4716,0.4464,0.2877,0.3517,0.2125,50.3%
HotRank,无序状态,random,suppression,Gamma,1.0,0.3,10,40.2%,79.2%,20.2%,59.0%,0.5141,0.4716,0.4758,0.2877,0.3517,0.1950,54.0%
HotRank,无序状态,random,suppression,Gamma,1.0,0.4,10,40.2%,79.2%,18.4%,60.8%,0.5141,0.4716,0.4750,0.2877,0.3517,0.1873,56.8%
HotRank,无序状态,random,suppression,Gamma,1.0,0.5,10,40.2%,79.2%,14.6%,64.6%,0.5141,0.4716,0.4836,0.2877,0.3517,0.1656,60.5%
HotRank,无序状态,random,suppression,Gamma,1.0,0.6,10,40.2%,79.2%,13.2%,66.0%,0.5141,0.4716,0.4895,0.2877,0.3517,0.1579,64.2%
HotRank,无序状态,random,suppression,Gamma,1.0,0.7,10,40.2%,79.2%,12.2%,67.0%,0.5141,0.4716,0.4864,0.2877,0.3517,0.1498,65.6%
HotRank,无序状态,random,suppression,Gamma,1.0,0.8,10,40.2%,79.2%,10.2%,69.0%,0.5141,0.4716,0.4886,0.2877,0.3517,0.1471,66.3%
HotRank,无序状态,random,suppression,Gamma,1.0,0.9,10,40.2%,79.2%,11.6%,67.6%,0.5141,0.4716,0.4827,0.2877,0.3517,0.1483,66.8%
HotRank,无序状态,random,suppression,Gamma,2.0,0.1,10,40.2%,79.2%,40.6%,38.6%,0.5141,0.4716,0.4472,0.2877,0.3517,0.2649,42.9%
HotRank,无序状态,random,suppression,Gamma,2.0,0.2,10,40.2%,79.2%,24.6%,54.6%,0.5141,0.4716,0.4752,0.2877,0.3517,0.2157,49.7%
HotRank,无序状态,random,suppression,Gamma,2.0,0.3,10,40.2%,79.2%,24.4%,54.8%,0.5141,0.4716,0.4802,0.2877,0.3517,0.2098,52.4%
HotRank,无序状态,random,suppression,Gamma,2.0,0.4,10,40.2%,79.2%,19.0%,60.2%,0.5141,0.4716,0.4853,0.2877,0.3517,0.1889,57.0%
HotRank,无序状态,random,suppression,Gamma,2.0,0.5,10,40.2%,79.2%,17.4%,61.8%,0.5141,0.4716,0.4938,0.2877,0.3517,0.1767,60.8%
HotRank,无序状态,random,suppression,Gamma,2.0,0.6,10,40.2%,79.2%,17.2%,62.0%,0.5141,0.4716,0.4934,0.2877,0.3517,0.1748,62.1%
HotRank,无序状态,random,suppression,Gamma,2.0,0.7,10,40.2%,79.2%,15.2%,64.0%,0.5141,0.4716,0.4904,0.2877,0.3517,0.1660,64.2%
HotRank,无序状态,random,suppression,Gamma,2.0,0.8,10,40.2%,79.2%,12.4%,66.8%,0.5141,0.4716,0.4858,0.2877,0.3517,0.1538,65.6%
HotRank,无序状态,random,suppression,Gamma,2.0,0.9,10,40.2%,79.2%,11.4%,67.8%,0.5141,0.4716,0.4831,0.2877,0.3517,0.1502,66.1%
TimeRank,激烈骂战(U型),polarization,scarcity,K,10,0.1,10,59.0%,77.8%,69.8%,8.0%,0.5077,0.4044,0.3793,0.3538,0.3359,0.3087,46.1%
TimeRank,激烈骂战(U型),polarization,scarcity,K,10,0.2,10,59.0%,77.8%,63.8%,14.0%,0.5077,0.4044,0.3611,0.3538,0.3359,0.2884,47.3%
TimeRank,激烈骂战(U型),polarization,scarcity,K,10,0.3,10,59.0%,77.8%,46.6%,31.2%,0.5077,0.4044,0.3699,0.3538,0.3359,0.2676,47.5%
TimeRank,激烈骂战(U型),polarization,scarcity,K,10,0.4,10,59.0%,77.8%,45.4%,32.4%,0.5077,0.4044,0.3728,0.3538,0.3359,0.2635,48.2%
TimeRank,激烈骂战(U型),polarization,scarcity,K,10,0.5,10,59.0%,77.8%,36.2%,41.6%,0.5077,0.4044,0.3810,0.3538,0.3359,0.2505,48.6%
TimeRank,激烈骂战(U型),polarization,scarcity,K,10,0.6,10,59.0%,77.8%,29.8%,48.0%,0.5077,0.4044,0.3797,0.3538,0.3359,0.2350,50.4%
TimeRank,激烈骂战(U型),polarization,scarcity,K,10,0.7,10,59.0%,77.8%,23.4%,54.4%,0.5077,0.4044,0.3967,0.3538,0.3359,0.2283,50.4%
TimeRank,激烈骂战(U型),polarization,scarcity,K,10,0.8,10,59.0%,77.8%,19.6%,58.2%,0.5077,0.4044,0.4107,0.3538,0.3359,0.2180,50.3%
TimeRank,激烈骂战(U型),polarization,scarcity,K,10,0.9,10,59.0%,77.8%,18.8%,59.0%,0.5077,0.4044,0.4524,0.3538,0.3359,0.2189,49.8%
TimeRank,激烈骂战(U型),polarization,scarcity,K,20,0.1,10,59.0%,77.8%,70.4%,7.4%,0.5077,0.4044,0.3742,0.3538,0.3359,0.3038,46.3%
TimeRank,激烈骂战(U型),polarization,scarcity,K,20,0.2,10,59.0%,77.8%,67.4%,10.4%,0.5077,0.4044,0.3633,0.3538,0.3359,0.2932,46.5%
TimeRank,激烈骂战(U型),polarization,scarcity,K,20,0.3,10,59.0%,77.8%,54.6%,23.2%,0.5077,0.4044,0.3672,0.3538,0.3359,0.2778,46.8%
TimeRank,激烈骂战(U型),polarization,scarcity,K,20,0.4,10,59.0%,77.8%,51.4%,26.4%,0.5077,0.4044,0.3694,0.3538,0.3359,0.2724,46.9%
TimeRank,激烈骂战(U型),polarization,scarcity,K,20,0.5,10,59.0%,77.8%,46.8%,31.0%,0.5077,0.4044,0.3695,0.3538,0.3359,0.2638,47.1%
TimeRank,激烈骂战(U型),polarization,scarcity,K,20,0.6,10,59.0%,77.8%,38.8%,39.0%,0.5077,0.4044,0.3665,0.3538,0.3359,0.2490,48.1%
TimeRank,激烈骂战(U型),polarization,scarcity,K,20,0.7,10,59.0%,77.8%,31.4%,46.4%,0.5077,0.4044,0.3897,0.3538,0.3359,0.2421,48.2%
TimeRank,激烈骂战(U型),polarization,scarcity,K,20,0.8,10,59.0%,77.8%,27.6%,50.2%,0.5077,0.4044,0.3940,0.3538,0.3359,0.2291,48.4%
TimeRank,激烈骂战(U型),polarization,scarcity,K,20,0.9,10,59.0%,77.8%,22.6%,55.2%,0.5077,0.4044,0.4116,0.3538,0.3359,0.2225,48.8%
TimeRank,激烈骂战(U型),polarization,scarcity,K,30,0.1,10,59.0%,77.8%,74.6%,3.2%,0.5077,0.4044,0.3881,0.3538,0.3359,0.3204,44.3%
TimeRank,激烈骂战(U型),polarization,scarcity,K,30,0.2,10,59.0%,77.8%,68.2%,9.6%,0.5077,0.4044,0.3847,0.3538,0.3359,0.3062,45.3%
TimeRank,激烈骂战(U型),polarization,scarcity,K,30,0.3,10,59.0%,77.8%,64.0%,13.8%,0.5077,0.4044,0.3893,0.3538,0.3359,0.3024,44.8%
TimeRank,激烈骂战(U型),polarization,scarcity,K,30,0.4,10,59.0%,77.8%,57.6%,20.2%,0.5077,0.4044,0.3783,0.3538,0.3359,0.2916,46.0%
TimeRank,激烈骂战(U型),polarization,scarcity,K,30,0.5,10,59.0%,77.8%,57.0%,20.8%,0.5077,0.4044,0.3707,0.3538,0.3359,0.2818,46.3%
TimeRank,激烈骂战(U型),polarization,scarcity,K,30,0.6,10,59.0%,77.8%,46.4%,31.4%,0.5077,0.4044,0.3748,0.3538,0.3359,0.2630,47.0%
TimeRank,激烈骂战(U型),polarization,scarcity,K,30,0.7,10,59.0%,77.8%,40.4%,37.4%,0.5077,0.4044,0.3801,0.3538,0.3359,0.2549,47.3%
TimeRank,激烈骂战(U型),polarization,scarcity,K,30,0.8,10,59.0%,77.8%,34.2%,43.6%,0.5077,0.4044,0.3846,0.3538,0.3359,0.2431,47.5%
TimeRank,激烈骂战(U型),polarization,scarcity,K,30,0.9,10,59.0%,77.8%,29.8%,48.0%,0.5077,0.4044,0.3957,0.3538,0.3359,0.2340,48.7%
TimeRank,激烈骂战(U型),polarization,suppression,Gamma,0.5,0.1,10,59.0%,77.8%,49.8%,28.0%,0.5077,0.4044,0.3803,0.3538,0.3359,0.2706,47.8%
TimeRank,激烈骂战(U型),polarization,suppression,Gamma,0.5,0.2,10,59.0%,77.8%,32.2%,45.6%,0.5077,0.4044,0.4178,0.3538,0.3359,0.2430,51.2%
TimeRank,激烈骂战(U型),polarization,suppression,Gamma,0.5,0.3,10,59.0%,77.8%,25.4%,52.4%,0.5077,0.4044,0.4459,0.3538,0.3359,0.2210,53.2%
TimeRank,激烈骂战(U型),polarization,suppression,Gamma,0.5,0.4,10,59.0%,77.8%,22.8%,55.0%,0.5077,0.4044,0.4697,0.3538,0.3359,0.2077,55.1%
TimeRank,激烈骂战(U型),polarization,suppression,Gamma,0.5,0.5,10,59.0%,77.8%,21.2%,56.6%,0.5077,0.4044,0.4796,0.3538,0.3359,0.1976,57.0%
TimeRank,激烈骂战(U型),polarization,suppression,Gamma,0.5,0.6,10,59.0%,77.8%,19.8%,58.0%,0.5077,0.4044,0.4873,0.3538,0.3359,0.1904,59.9%
TimeRank,激烈骂战(U型),polarization,suppression,Gamma,0.5,0.7,10,59.0%,77.8%,18.2%,59.6%,0.5077,0.4044,0.4919,0.3538,0.3359,0.1851,61.9%
TimeRank,激烈骂战(U型),polarization,suppression,Gamma,0.5,0.8,10,59.0%,77.8%,16.2%,61.6%,0.5077,0.4044,0.4943,0.3538,0.3359,0.1808,63.2%
TimeRank,激烈骂战(U型),polarization,suppression,Gamma,0.5,0.9,10,59.0%,77.8%,17.0%,60.8%,0.5077,0.4044,0.4973,0.3538,0.3359,0.1827,63.4%
TimeRank,激烈骂战(U型),polarization,suppression,Gamma,1.0,0.1,10,59.0%,77.8%,42.8%,35.0%,0.5077,0.4044,0.3932,0.3538,0.3359,0.2631,49.0%
TimeRank,激烈骂战(U型),polarization,suppression,Gamma,1.0,0.2,10,59.0%,77.8%,29.4%,48.4%,0.5077,0.4044,0.4448,0.3538,0.3359,0.2319,52.0%
TimeRank,激烈骂战(U型),polarization,suppression,Gamma,1.0,0.3,10,59.0%,77.8%,23.2%,54.6%,0.5077,0.4044,0.4690,0.3538,0.3359,0.2109,54.6%
TimeRank,激烈骂战(U型),polarization,suppression,Gamma,1.0,0.4,10,59.0%,77.8%,22.4%,55.4%,0.5077,0.4044,0.4812,0.3538,0.3359,0.2051,56.5%
TimeRank,激烈骂战(U型),polarization,suppression,Gamma,1.0,0.5,10,59.0%,77.8%,20.2%,57.6%,0.5077,0.4044,0.4953,0.3538,0.3359,0.1937,59.1%
TimeRank,激烈骂战(U型),polarization,suppression,Gamma,1.0,0.6,10,59.0%,77.8%,21.0%,56.8%,0.5077,0.4044,0.5004,0.3538,0.3359,0.1912,60.4%
TimeRank,激烈骂战(U型),polarization,suppression,Gamma,1.0,0.7,10,59.0%,77.8%,16.2%,61.6%,0.5077,0.4044,0.4969,0.3538,0.3359,0.1779,62.6%
TimeRank,激烈骂战(U型),polarization,suppression,Gamma,1.0,0.8,10,59.0%,77.8%,17.6%,60.2%,0.5077,0.4044,0.4972,0.3538,0.3359,0.1823,63.4%
TimeRank,激烈骂战(U型),polarization,suppression,Gamma,1.0,0.9,10,59.0%,77.8%,16.8%,61.0%,0.5077,0.4044,0.4951,0.3538,0.3359,0.1820,63.3%
TimeRank,激烈骂战(U型),polarization,suppression,Gamma,2.0,0.1,10,59.0%,77.8%,42.0%,35.8%,0.5077,0.4044,0.4051,0.3538,0.3359,0.2672,47.5%
TimeRank,激烈骂战(U型),polarization,suppression,Gamma,2.0,0.2,10,59.0%,77.8%,30.6%,47.2%,0.5077,0.4044,0.4603,0.3538,0.3359,0.2369,50.7%
TimeRank,激烈骂战(U型),polarization,suppression,Gamma,2.0,0.3,10,59.0%,77.8%,25.6%,52.2%,0.5077,0.4044,0.4779,0.3538,0.3359,0.2177,53.7%
TimeRank,激烈骂战(U型),polarization,suppression,Gamma,2.0,0.4,10,59.0%,77.8%,25.2%,52.6%,0.5077,0.4044,0.4930,0.3538,0.3359,0.2105,56.1%
TimeRank,激烈骂战(U型),polarization,suppression,Gamma,2.0,0.5,10,59.0%,77.8%,24.0%,53.8%,0.5077,0.4044,0.4999,0.3538,0.3359,0.2036,57.8%
TimeRank,激烈骂战(U型),polarization,suppression,Gamma,2.0,0.6,10,59.0%,77.8%,22.0%,55.8%,0.5077,0.4044,0.5026,0.3538,0.3359,0.1978,59.5%
TimeRank,激烈骂战(U型),polarization,suppression,Gamma,2.0,0.7,10,59.0%,77.8%,19.2%,58.6%,0.5077,0.4044,0.5016,0.3538,0.3359,0.1870,61.0%
TimeRank,激烈骂战(U型),polarization,suppression,Gamma,2.0,0.8,10,59.0%,77.8%,18.2%,59.6%,0.5077,0.4044,0.4993,0.3538,0.3359,0.1811,62.6%
TimeRank,激烈骂战(U型),polarization,suppression,Gamma,2.0,0.9,10,59.0%,77.8%,17.6%,60.2%,0.5077,0.4044,0.4965,0.3538,0.3359,0.1808,63.0%
TimeRank,饭圈控评(J型),fan_circle,scarcity,K,10,0.1,10,84.2%,85.6%,79.6%,6.0%,0.9070,0.7005,0.6417,0.1063,0.3088,0.3164,35.3%
TimeRank,饭圈控评(J型),fan_circle,scarcity,K,10,0.2,10,84.2%,85.6%,69.6%,16.0%,0.9070,0.7005,0.5868,0.1063,0.3088,0.3209,38.0%
TimeRank,饭圈控评(J型),fan_circle,scarcity,K,10,0.3,10,84.2%,85.6%,53.6%,32.0%,0.9070,0.7005,0.5613,0.1063,0.3088,0.3039,40.1%
TimeRank,饭圈控评(J型),fan_circle,scarcity,K,10,0.4,10,84.2%,85.6%,50.2%,35.4%,0.9070,0.7005,0.5513,0.1063,0.3088,0.2991,41.1%
TimeRank,饭圈控评(J型),fan_circle,scarcity,K,10,0.5,10,84.2%,85.6%,45.0%,40.6%,0.9070,0.7005,0.5509,0.1063,0.3088,0.2929,42.2%
TimeRank,饭圈控评(J型),fan_circle,scarcity,K,10,0.6,10,84.2%,85.6%,38.0%,47.6%,0.9070,0.7005,0.5397,0.1063,0.3088,0.2824,44.0%
TimeRank,饭圈控评(J型),fan_circle,scarcity,K,10,0.7,10,84.2%,85.6%,28.4%,57.2%,0.9070,0.7005,0.5263,0.1063,0.3088,0.2707,45.4%
TimeRank,饭圈控评(J型),fan_circle,scarcity,K,10,0.8,10,84.2%,85.6%,22.2%,63.4%,0.9070,0.7005,0.5339,0.1063,0.3088,0.2491,46.2%
TimeRank,饭圈控评(J型),fan_circle,scarcity,K,10,0.9,10,84.2%,85.6%,19.6%,66.0%,0.9070,0.7005,0.5685,0.1063,0.3088,0.2297,46.6%
TimeRank,饭圈控评(J型),fan_circle,scarcity,K,20,0.1,10,84.2%,85.6%,78.2%,7.4%,0.9070,0.7005,0.6383,0.1063,0.3088,0.3160,35.4%
TimeRank,饭圈控评(J型),fan_circle,scarcity,K,20,0.2,10,84.2%,85.6%,71.2%,14.4%,0.9070,0.7005,0.5991,0.1063,0.3088,0.3152,36.8%
TimeRank,饭圈控评(J型),fan_circle,scarcity,K,20,0.3,10,84.2%,85.6%,63.2%,22.4%,0.9070,0.7005,0.5692,0.1063,0.3088,0.3127,39.2%
TimeRank,饭圈控评(J型),fan_circle,scarcity,K,20,0.4,10,84.2%,85.6%,60.2%,25.4%,0.9070,0.7005,0.5583,0.1063,0.3088,0.3094,40.1%
TimeRank,饭圈控评(J型),fan_circle,scarcity,K,20,0.5,10,84.2%,85.6%,54.4%,31.2%,0.9070,0.7005,0.5553,0.1063,0.3088,0.2982,40.9%
TimeRank,饭圈控评(J型),fan_circle,scarcity,K,20,0.6,10,84.2%,85.6%,50.4%,35.2%,0.9070,0.7005,0.5431,0.1063,0.3088,0.2922,42.3%
TimeRank,饭圈控评(J型),fan_circle,scarcity,K,20,0.7,10,84.2%,85.6%,42.4%,43.2%,0.9070,0.7005,0.5386,0.1063,0.3088,0.2831,43.4%
TimeRank,饭圈控评(J型),fan_circle,scarcity,K,20,0.8,10,84.2%,85.6%,34.8%,50.8%,0.9070,0.7005,0.5130,0.1063,0.3088,0.2735,44.2%
TimeRank,饭圈控评(J型),fan_circle,scarcity,K,20,0.9,10,84.2%,85.6%,27.0%,58.6%,0.9070,0.7005,0.5330,0.1063,0.3088,0.2535,44.8%
TimeRank,饭圈控评(J型),fan_circle,scarcity,K,30,0.1,10,84.2%,85.6%,84.0%,1.6%,0.9070,0.7005,0.6717,0.1063,0.3088,0.3098,35.5%
TimeRank,饭圈控评(J型),fan_circle,scarcity,K,30,0.2,10,84.2%,85.6%,78.0%,7.6%,0.9070,0.7005,0.6137,0.1063,0.3088,0.3241,36.8%
TimeRank,饭圈控评(J型),fan_circle,scarcity,K,30,0.3,10,84.2%,85.6%,72.2%,13.4%,0.9070,0.7005,0.6074,0.1063,0.3088,0.3189,37.3%
TimeRank,饭圈控评(J型),fan_circle,scarcity,K,30,0.4,10,84.2%,85.6%,66.2%,19.4%,0.9070,0.7005,0.6013,0.1063,0.3088,0.3139,38.3%
TimeRank,饭圈控评(J型),fan_circle,scarcity,K,30,0.5,10,84.2%,85.6%,63.6%,22.0%,0.9070,0.7005,0.5820,0.1063,0.3088,0.3113,39.6%
TimeRank,饭圈控评(J型),fan_circle,scarcity,K,30,0.6,10,84.2%,85.6%,56.4%,29.2%,0.9070,0.7005,0.5777,0.1063,0.3088,0.3031,41.0%
TimeRank,饭圈控评(J型),fan_circle,scarcity,K,30,0.7,10,84.2%,85.6%,50.6%,35.0%,0.9070,0.7005,0.5668,0.1063,0.3088,0.2969,41.8%
TimeRank,饭圈控评(J型),fan_circle,scarcity,K,30,0.8,10,84.2%,85.6%,44.4%,41.2%,0.9070,0.7005,0.5557,0.1063,0.3088,0.2836,42.6%
TimeRank,饭圈控评(J型),fan_circle,scarcity,K,30,0.9,10,84.2%,85.6%,32.6%,53.0%,0.9070,0.7005,0.5301,0.1063,0.3088,0.2645,44.6%
TimeRank,饭圈控评(J型),fan_circle,suppression,Gamma,0.5,0.1,10,84.2%,85.6%,62.6%,23.0%,0.9070,0.7005,0.5791,0.1063,0.3088,0.3154,40.7%
TimeRank,饭圈控评(J型),fan_circle,suppression,Gamma,0.5,0.2,10,84.2%,85.6%,49.2%,36.4%,0.9070,0.7005,0.5884,0.1063,0.3088,0.2815,43.1%
TimeRank,饭圈控评(J型),fan_circle,suppression,Gamma,0.5,0.3,10,84.2%,85.6%,44.6%,41.0%,0.9070,0.7005,0.6050,0.1063,0.3088,0.2543,44.8%
TimeRank,饭圈控评(J型),fan_circle,suppression,Gamma,0.5,0.4,10,84.2%,85.6%,41.2%,44.4%,0.9070,0.7005,0.6111,0.1063,0.3088,0.2360,46.6%
TimeRank,饭圈控评(J型),fan_circle,suppression,Gamma,0.5,0.5,10,84.2%,85.6%,38.4%,47.2%,0.9070,0.7005,0.6234,0.1063,0.3088,0.2236,47.3%
TimeRank,饭圈控评(J型),fan_circle,suppression,Gamma,0.5,0.6,10,84.2%,85.6%,37.2%,48.4%,0.9070,0.7005,0.6176,0.1063,0.3088,0.2178,49.1%
TimeRank,饭圈控评(J型),fan_circle,suppression,Gamma,0.5,0.7,10,84.2%,85.6%,30.8%,54.8%,0.9070,0.7005,0.6138,0.1063,0.3088,0.2060,51.6%
TimeRank,饭圈控评(J型),fan_circle,suppression,Gamma,0.5,0.8,10,84.2%,85.6%,27.4%,58.2%,0.9070,0.7005,0.6088,0.1063,0.3088,0.2060,53.2%
TimeRank,饭圈控评(J型),fan_circle,suppression,Gamma,0.5,0.9,10,84.2%,85.6%,29.4%,56.2%,0.9070,0.7005,0.6178,0.1063,0.3088,0.2061,53.5%
TimeRank,饭圈控评(J型),fan_circle,suppression,Gamma,1.0,0.1,10,84.2%,85.6%,56.8%,28.8%,0.9070,0.7005,0.5933,0.1063,0.3088,0.3009,41.4%
TimeRank,饭圈控评(J型),fan_circle,suppression,Gamma,1.0,0.2,10,84.2%,85.6%,46.8%,38.8%,0.9070,0.7005,0.6226,0.1063,0.3088,0.2580,43.4%
TimeRank,饭圈控评(J型),fan_circle,suppression,Gamma,1.0,0.3,10,84.2%,85.6%,41.8%,43.8%,0.9070,0.7005,0.6231,0.1063,0.3088,0.2355,45.2%
TimeRank,饭圈控评(J型),fan_circle,suppression,Gamma,1.0,0.4,10,84.2%,85.6%,40.6%,45.0%,0.9070,0.7005,0.6199,0.1063,0.3088,0.2328,46.5%
TimeRank,饭圈控评(J型),fan_circle,suppression,Gamma,1.0,0.5,10,84.2%,85.6%,39.6%,46.0%,0.9070,0.7005,0.6340,0.1063,0.3088,0.2166,47.6%
TimeRank,饭圈控评(J型),fan_circle,suppression,Gamma,1.0,0.6,10,84.2%,85.6%,35.2%,50.4%,0.9070,0.7005,0.6227,0.1063,0.3088,0.2107,49.7%
TimeRank,饭圈控评(J型),fan_circle,suppression,Gamma,1.0,0.7,10,84.2%,85.6%,32.2%,53.4%,0.9070,0.7005,0.6190,0.1063,0.3088,0.2031,51.5%
TimeRank,饭圈控评(J型),fan_circle,suppression,Gamma,1.0,0.8,10,84.2%,85.6%,29.6%,56.0%,0.9070,0.7005,0.6167,0.1063,0.3088,0.2043,52.1%
TimeRank,饭圈控评(J型),fan_circle,suppression,Gamma,1.0,0.9,10,84.2%,85.6%,28.0%,57.6%,0.9070,0.7005,0.6186,0.1063,0.3088,0.2045,53.0%
TimeRank,饭圈控评(J型),fan_circle,suppression,Gamma,2.0,0.1,10,84.2%,85.6%,58.2%,27.4%,0.9070,0.7005,0.6089,0.1063,0.3088,0.3020,40.7%
TimeRank,饭圈控评(J型),fan_circle,suppression,Gamma,2.0,0.2,10,84.2%,85.6%,49.8%,35.8%,0.9070,0.7005,0.6389,0.1063,0.3088,0.2580,41.9%
TimeRank,饭圈控评(J型),fan_circle,suppression,Gamma,2.0,0.3,10,84.2%,85.6%,45.4%,40.2%,0.9070,0.7005,0.6386,0.1063,0.3088,0.2397,43.7%
TimeRank,饭圈控评(J型),fan_circle,suppression,Gamma,2.0,0.4,10,84.2%,85.6%,43.4%,42.2%,0.9070,0.7005,0.6381,0.1063,0.3088,0.2288,45.5%
TimeRank,饭圈控评(J型),fan_circle,suppression,Gamma,2.0,0.5,10,84.2%,85.6%,41.8%,43.8%,0.9070,0.7005,0.6476,0.1063,0.3088,0.2176,46.2%
TimeRank,饭圈控评(J型),fan_circle,suppression,Gamma,2.0,0.6,10,84.2%,85.6%,39.8%,45.8%,0.9070,0.7005,0.6445,0.1063,0.3088,0.2120,47.3%
TimeRank,饭圈控评(J型),fan_circle,suppression,Gamma,2.0,0.7,10,84.2%,85.6%,35.6%,50.0%,0.9070,0.7005,0.6327,0.1063,0.3088,0.2076,48.8%
TimeRank,饭圈控评(J型),fan_circle,suppression,Gamma,2.0,0.8,10,84.2%,85.6%,31.0%,54.6%,0.9070,0.7005,0.6210,0.1063,0.3088,0.2019,50.8%
TimeRank,饭圈控评(J型),fan_circle,suppression,Gamma,2.0,0.9,10,84.2%,85.6%,27.4%,58.2%,0.9070,0.7005,0.6161,0.1063,0.3088,0.2048,52.7%
TimeRank,全网黑(反J型),blackout,scarcity,K,10,0.1,10,84.8%,84.4%,73.6%,10.8%,0.0923,0.1492,0.1649,0.1060,0.0737,0.0723,55.3%
TimeRank,全网黑(反J型),blackout,scarcity,K,10,0.2,10,84.8%,84.4%,66.2%,18.2%,0.0923,0.1492,0.1840,0.1060,0.0737,0.1004,54.8%
TimeRank,全网黑(反J型),blackout,scarcity,K,10,0.3,10,84.8%,84.4%,53.4%,31.0%,0.0923,0.1492,0.2008,0.1060,0.0737,0.1046,53.2%
TimeRank,全网黑(反J型),blackout,scarcity,K,10,0.4,10,84.8%,84.4%,52.2%,32.2%,0.0923,0.1492,0.2092,0.1060,0.0737,0.1130,53.3%
TimeRank,全网黑(反J型),blackout,scarcity,K,10,0.5,10,84.8%,84.4%,42.2%,42.2%,0.0923,0.1492,0.2266,0.1060,0.0737,0.1197,52.8%
TimeRank,全网黑(反J型),blackout,scarcity,K,10,0.6,10,84.8%,84.4%,37.0%,47.4%,0.0923,0.1492,0.2425,0.1060,0.0737,0.1263,53.5%
TimeRank,全网黑(反J型),blackout,scarcity,K,10,0.7,10,84.8%,84.4%,35.0%,49.4%,0.0923,0.1492,0.2602,0.1060,0.0737,0.1401,52.5%
TimeRank,全网黑(反J型),blackout,scarcity,K,10,0.8,10,84.8%,84.4%,32.4%,52.0%,0.0923,0.1492,0.2837,0.1060,0.0737,0.1606,51.3%
TimeRank,全网黑(反J型),blackout,scarcity,K,10,0.9,10,84.8%,84.4%,31.0%,53.4%,0.0923,0.1492,0.3308,0.1060,0.0737,0.1968,49.6%
TimeRank,全网黑(反J型),blackout,scarcity,K,20,0.1,10,84.8%,84.4%,75.0%,9.4%,0.0923,0.1492,0.1650,0.1060,0.0737,0.0771,56.5%
TimeRank,全网黑(反J型),blackout,scarcity,K,20,0.2,10,84.8%,84.4%,68.6%,15.8%,0.0923,0.1492,0.1743,0.1060,0.0737,0.0908,54.4%
TimeRank,全网黑(反J型),blackout,scarcity,K,20,0.3,10,84.8%,84.4%,60.8%,23.6%,0.0923,0.1492,0.1905,0.1060,0.0737,0.1025,53.2%
TimeRank,全网黑(反J型),blackout,scarcity,K,20,0.4,10,84.8%,84.4%,54.4%,30.0%,0.0923,0.1492,0.2002,0.1060,0.0737,0.1090,52.3%
TimeRank,全网黑(反J型),blackout,scarcity,K,20,0.5,10,84.8%,84.4%,51.4%,33.0%,0.0923,0.1492,0.2135,0.1060,0.0737,0.1245,51.2%
TimeRank,全网黑(反J型),blackout,scarcity,K,20,0.6,10,84.8%,84.4%,42.8%,41.6%,0.0923,0.1492,0.2326,0.1060,0.0737,0.1335,51.4%
TimeRank,全网黑(反J型),blackout,scarcity,K,20,0.7,10,84.8%,84.4%,38.0%,46.4%,0.0923,0.1492,0.2487,0.1060,0.0737,0.1389,50.7%
TimeRank,全网黑(反J型),blackout,scarcity,K,20,0.8,10,84.8%,84.4%,34.4%,50.0%,0.0923,0.1492,0.2693,0.1060,0.0737,0.1563,50.0%
TimeRank,全网黑(反J型),blackout,scarcity,K,20,0.9,10,84.8%,84.4%,32.2%,52.2%,0.0923,0.1492,0.2826,0.1060,0.0737,0.1678,49.7%
TimeRank,全网黑(反J型),blackout,scarcity,K,30,0.1,10,84.8%,84.4%,78.0%,6.4%,0.0923,0.1492,0.1596,0.1060,0.0737,0.0787,52.4%
TimeRank,全网黑(反J型),blackout,scarcity,K,30,0.2,10,84.8%,84.4%,73.2%,11.2%,0.0923,0.1492,0.1693,0.1060,0.0737,0.0852,53.0%
TimeRank,全网黑(反J型),blackout,scarcity,K,30,0.3,10,84.8%,84.4%,63.6%,20.8%,0.0923,0.1492,0.1822,0.1060,0.0737,0.0947,51.3%
TimeRank,全网黑(反J型),blackout,scarcity,K,30,0.4,10,84.8%,84.4%,59.8%,24.6%,0.0923,0.1492,0.1940,0.1060,0.0737,0.1129,52.0%
TimeRank,全网黑(反J型),blackout,scarcity,K,30,0.5,10,84.8%,84.4%,58.4%,26.0%,0.0923,0.1492,0.1988,0.1060,0.0737,0.1186,51.6%
TimeRank,全网黑(反J型),blackout,scarcity,K,30,0.6,10,84.8%,84.4%,48.8%,35.6%,0.0923,0.1492,0.2181,0.1060,0.0737,0.1224,50.8%
TimeRank,全网黑(反J型),blackout,scarcity,K,30,0.7,10,84.8%,84.4%,42.4%,42.0%,0.0923,0.1492,0.2301,0.1060,0.0737,0.1236,50.6%
TimeRank,全网黑(反J型),blackout,scarcity,K,30,0.8,10,84.8%,84.4%,40.0%,44.4%,0.0923,0.1492,0.2435,0.1060,0.0737,0.1376,49.5%
TimeRank,全网黑(反J型),blackout,scarcity,K,30,0.9,10,84.8%,84.4%,36.0%,48.4%,0.0923,0.1492,0.2740,0.1060,0.0737,0.1583,50.1%
TimeRank,全网黑(反J型),blackout,suppression,Gamma,0.5,0.1,10,84.8%,84.4%,52.6%,31.8%,0.0923,0.1492,0.2098,0.1060,0.0737,0.1105,52.5%
TimeRank,全网黑(反J型),blackout,suppression,Gamma,0.5,0.2,10,84.8%,84.4%,32.2%,52.2%,0.0923,0.1492,0.2647,0.1060,0.0737,0.1268,54.8%
TimeRank,全网黑(反J型),blackout,suppression,Gamma,0.5,0.3,10,84.8%,84.4%,24.4%,60.0%,0.0923,0.1492,0.3094,0.1060,0.0737,0.1409,55.7%
TimeRank,全网黑(反J型),blackout,suppression,Gamma,0.5,0.4,10,84.8%,84.4%,21.4%,63.0%,0.0923,0.1492,0.3398,0.1060,0.0737,0.1467,57.5%
TimeRank,全网黑(反J型),blackout,suppression,Gamma,0.5,0.5,10,84.8%,84.4%,18.6%,65.8%,0.0923,0.1492,0.3595,0.1060,0.0737,0.1449,59.2%
TimeRank,全网黑(反J型),blackout,suppression,Gamma,0.5,0.6,10,84.8%,84.4%,17.4%,67.0%,0.0923,0.1492,0.3750,0.1060,0.0737,0.1488,61.5%
TimeRank,全网黑(反J型),blackout,suppression,Gamma,0.5,0.7,10,84.8%,84.4%,16.6%,67.8%,0.0923,0.1492,0.3872,0.1060,0.0737,0.1505,63.5%
TimeRank,全网黑(反J型),blackout,suppression,Gamma,0.5,0.8,10,84.8%,84.4%,17.0%,67.4%,0.0923,0.1492,0.3903,0.1060,0.0737,0.1558,64.2%
TimeRank,全网黑(反J型),blackout,suppression,Gamma,0.5,0.9,10,84.8%,84.4%,17.8%,66.6%,0.0923,0.1492,0.3864,0.1060,0.0737,0.1615,63.9%
TimeRank,全网黑(反J型),blackout,suppression,Gamma,1.0,0.1,10,84.8%,84.4%,46.4%,38.0%,0.0923,0.1492,0.2322,0.1060,0.0737,0.1239,53.4%
TimeRank,全网黑(反J型),blackout,suppression,Gamma,1.0,0.2,10,84.8%,84.4%,28.2%,56.2%,0.0923,0.1492,0.3021,0.1060,0.0737,0.1455,54.7%
TimeRank,全网黑(反J型),blackout,suppression,Gamma,1.0,0.3,10,84.8%,84.4%,24.6%,59.8%,0.0923,0.1492,0.3348,0.1060,0.0737,0.1544,56.4%
TimeRank,全网黑(反J型),blackout,suppression,Gamma,1.0,0.4,10,84.8%,84.4%,20.8%,63.6%,0.0923,0.1492,0.3519,0.1060,0.0737,0.1485,58.5%
TimeRank,全网黑(反J型),blackout,suppression,Gamma,1.0,0.5,10,84.8%,84.4%,19.6%,64.8%,0.0923,0.1492,0.3758,0.1060,0.0737,0.1534,60.5%
TimeRank,全网黑(反J型),blackout,suppression,Gamma,1.0,0.6,10,84.8%,84.4%,19.0%,65.4%,0.0923,0.1492,0.3828,0.1060,0.0737,0.1530,62.7%
TimeRank,全网黑(反J型),blackout,suppression,Gamma,1.0,0.7,10,84.8%,84.4%,18.8%,65.6%,0.0923,0.1492,0.3884,0.1060,0.0737,0.1544,63.2%
TimeRank,全网黑(反J型),blackout,suppression,Gamma,1.0,0.8,10,84.8%,84.4%,17.0%,67.4%,0.0923,0.1492,0.3896,0.1060,0.0737,0.1542,63.9%
TimeRank,全网黑(反J型),blackout,suppression,Gamma,1.0,0.9,10,84.8%,84.4%,17.2%,67.2%,0.0923,0.1492,0.3878,0.1060,0.0737,0.1590,63.8%
TimeRank,全网黑(反J型),blackout,suppression,Gamma,2.0,0.1,10,84.8%,84.4%,45.6%,38.8%,0.0923,0.1492,0.2412,0.1060,0.0737,0.1375,51.6%
TimeRank,全网黑(反J型),blackout,suppression,Gamma,2.0,0.2,10,84.8%,84.4%,30.4%,54.0%,0.0923,0.1492,0.3116,0.1060,0.0737,0.1548,53.6%
TimeRank,全网黑(反J型),blackout,suppression,Gamma,2.0,0.3,10,84.8%,84.4%,25.2%,59.2%,0.0923,0.1492,0.3363,0.1060,0.0737,0.1592,56.0%
TimeRank,全网黑(反J型),blackout,suppression,Gamma,2.0,0.4,10,84.8%,84.4%,22.8%,61.6%,0.0923,0.1492,0.3602,0.1060,0.0737,0.1604,58.0%
TimeRank,全网黑(反J型),blackout,suppression,Gamma,2.0,0.5,10,84.8%,84.4%,23.4%,61.0%,0.0923,0.1492,0.3724,0.1060,0.0737,0.1645,59.2%
TimeRank,全网黑(反J型),blackout,suppression,Gamma,2.0,0.6,10,84.8%,84.4%,20.8%,63.6%,0.0923,0.1492,0.3822,0.1060,0.0737,0.1626,61.0%
TimeRank,全网黑(反J型),blackout,suppression,Gamma,2.0,0.7,10,84.8%,84.4%,21.4%,63.0%,0.0923,0.1492,0.3832,0.1060,0.0737,0.1587,61.9%
TimeRank,全网黑(反J型),blackout,suppression,Gamma,2.0,0.8,10,84.8%,84.4%,18.0%,66.4%,0.0923,0.1492,0.3879,0.1060,0.0737,0.1517,63.2%
TimeRank,全网黑(反J型),blackout,suppression,Gamma,2.0,0.9,10,84.8%,84.4%,17.2%,67.2%,0.0923,0.1492,0.3901,0.1060,0.0737,0.1548,63.7%
TimeRank,普遍好评,positive_bias,scarcity,K,10,0.1,10,29.0%,73.0%,61.6%,11.4%,0.6790,0.5457,0.5033,0.1721,0.3330,0.3106,38.7%
TimeRank,普遍好评,positive_bias,scarcity,K,10,0.2,10,29.0%,73.0%,52.8%,20.2%,0.6790,0.5457,0.4687,0.1721,0.3330,0.2909,41.3%
TimeRank,普遍好评,positive_bias,scarcity,K,10,0.3,10,29.0%,73.0%,40.8%,32.2%,0.6790,0.5457,0.4656,0.1721,0.3330,0.2733,43.2%
TimeRank,普遍好评,positive_bias,scarcity,K,10,0.4,10,29.0%,73.0%,35.2%,37.8%,0.6790,0.5457,0.4716,0.1721,0.3330,0.2625,44.0%
TimeRank,普遍好评,positive_bias,scarcity,K,10,0.5,10,29.0%,73.0%,30.2%,42.8%,0.6790,0.5457,0.4560,0.1721,0.3330,0.2495,45.8%
TimeRank,普遍好评,positive_bias,scarcity,K,10,0.6,10,29.0%,73.0%,24.2%,48.8%,0.6790,0.5457,0.4464,0.1721,0.3330,0.2330,47.6%
TimeRank,普遍好评,positive_bias,scarcity,K,10,0.7,10,29.0%,73.0%,15.8%,57.2%,0.6790,0.5457,0.4554,0.1721,0.3330,0.2195,48.6%
TimeRank,普遍好评,positive_bias,scarcity,K,10,0.8,10,29.0%,73.0%,13.0%,60.0%,0.6790,0.5457,0.4593,0.1721,0.3330,0.2096,49.1%
TimeRank,普遍好评,positive_bias,scarcity,K,10,0.9,10,29.0%,73.0%,8.2%,64.8%,0.6790,0.5457,0.5068,0.1721,0.3330,0.1860,49.5%
TimeRank,普遍好评,positive_bias,scarcity,K,20,0.1,10,29.0%,73.0%,62.2%,10.8%,0.6790,0.5457,0.5043,0.1721,0.3330,0.3086,39.0%
TimeRank,普遍好评,positive_bias,scarcity,K,20,0.2,10,29.0%,73.0%,55.6%,17.4%,0.6790,0.5457,0.4957,0.1721,0.3330,0.2989,39.8%
TimeRank,普遍好评,positive_bias,scarcity,K,20,0.3,10,29.0%,73.0%,48.4%,24.6%,0.6790,0.5457,0.4689,0.1721,0.3330,0.2831,41.7%
TimeRank,普遍好评,positive_bias,scarcity,K,20,0.4,10,29.0%,73.0%,45.8%,27.2%,0.6790,0.5457,0.4678,0.1721,0.3330,0.2758,42.7%
TimeRank,普遍好评,positive_bias,scarcity,K,20,0.5,10,29.0%,73.0%,39.0%,34.0%,0.6790,0.5457,0.4606,0.1721,0.3330,0.2664,43.4%
TimeRank,普遍好评,positive_bias,scarcity,K,20,0.6,10,29.0%,73.0%,33.6%,39.4%,0.6790,0.5457,0.4413,0.1721,0.3330,0.2500,45.2%
TimeRank,普遍好评,positive_bias,scarcity,K,20,0.7,10,29.0%,73.0%,27.2%,45.8%,0.6790,0.5457,0.4577,0.1721,0.3330,0.2387,45.8%
TimeRank,普遍好评,positive_bias,scarcity,K,20,0.8,10,29.0%,73.0%,21.4%,51.6%,0.6790,0.5457,0.4522,0.1721,0.3330,0.2269,46.5%
TimeRank,普遍好评,positive_bias,scarcity,K,20,0.9,10,29.0%,73.0%,15.4%,57.6%,0.6790,0.5457,0.4541,0.1721,0.3330,0.2044,47.3%
TimeRank,普遍好评,positive_bias,scarcity,K,30,0.1,10,29.0%,73.0%,67.8%,5.2%,0.6790,0.5457,0.5351,0.1721,0.3330,0.3179,37.8%
TimeRank,普遍好评,positive_bias,scarcity,K,30,0.2,10,29.0%,73.0%,61.4%,11.6%,0.6790,0.5457,0.5100,0.1721,0.3330,0.3067,39.4%
TimeRank,普遍好评,positive_bias,scarcity,K,30,0.3,10,29.0%,73.0%,54.6%,18.4%,0.6790,0.5457,0.4976,0.1721,0.3330,0.2972,39.8%
TimeRank,普遍好评,positive_bias,scarcity,K,30,0.4,10,29.0%,73.0%,51.4%,21.6%,0.6790,0.5457,0.4880,0.1721,0.3330,0.2919,41.3%
TimeRank,普遍好评,positive_bias,scarcity,K,30,0.5,10,29.0%,73.0%,45.8%,27.2%,0.6790,0.5457,0.4730,0.1721,0.3330,0.2802,42.2%
TimeRank,普遍好评,positive_bias,scarcity,K,30,0.6,10,29.0%,73.0%,42.8%,30.2%,0.6790,0.5457,0.4767,0.1721,0.3330,0.2754,43.3%
TimeRank,普遍好评,positive_bias,scarcity,K,30,0.7,10,29.0%,73.0%,36.6%,36.4%,0.6790,0.5457,0.4593,0.1721,0.3330,0.2594,44.2%
TimeRank,普遍好评,positive_bias,scarcity,K,30,0.8,10,29.0%,73.0%,30.0%,43.0%,0.6790,0.5457,0.4496,0.1721,0.3330,0.2408,45.8%
TimeRank,普遍好评,positive_bias,scarcity,K,30,0.9,10,29.0%,73.0%,19.4%,53.6%,0.6790,0.5457,0.4550,0.1721,0.3330,0.2164,47.4%
TimeRank,普遍好评,positive_bias,suppression,Gamma,0.5,0.1,10,29.0%,73.0%,45.0%,28.0%,0.6790,0.5457,0.4609,0.1721,0.3330,0.2737,43.8%
TimeRank,普遍好评,positive_bias,suppression,Gamma,0.5,0.2,10,29.0%,73.0%,28.6%,44.4%,0.6790,0.5457,0.4720,0.1721,0.3330,0.2332,48.7%
TimeRank,普遍好评,positive_bias,suppression,Gamma,0.5,0.3,10,29.0%,73.0%,24.0%,49.0%,0.6790,0.5457,0.4996,0.1721,0.3330,0.2088,51.8%
TimeRank,普遍好评,positive_bias,suppression,Gamma,0.5,0.4,10,29.0%,73.0%,19.4%,53.6%,0.6790,0.5457,0.5078,0.1721,0.3330,0.1909,54.5%
TimeRank,普遍好评,positive_bias,suppression,Gamma,0.5,0.5,10,29.0%,73.0%,17.6%,55.4%,0.6790,0.5457,0.5295,0.1721,0.3330,0.1766,56.4%
TimeRank,普遍好评,positive_bias,suppression,Gamma,0.5,0.6,10,29.0%,73.0%,16.4%,56.6%,0.6790,0.5457,0.5360,0.1721,0.3330,0.1641,59.8%
TimeRank,普遍好评,positive_bias,suppression,Gamma,0.5,0.7,10,29.0%,73.0%,12.8%,60.2%,0.6790,0.5457,0.5335,0.1721,0.3330,0.1494,62.9%
TimeRank,普遍好评,positive_bias,suppression,Gamma,0.5,0.8,10,29.0%,73.0%,10.4%,62.6%,0.6790,0.5457,0.5321,0.1721,0.3330,0.1404,65.2%
TimeRank,普遍好评,positive_bias,suppression,Gamma,0.5,0.9,10,29.0%,73.0%,9.6%,63.4%,0.6790,0.5457,0.5334,0.1721,0.3330,0.1335,66.6%
TimeRank,普遍好评,positive_bias,suppression,Gamma,1.0,0.1,10,29.0%,73.0%,35.8%,37.2%,0.6790,0.5457,0.4701,0.1721,0.3330,0.2584,45.6%
TimeRank,普遍好评,positive_bias,suppression,Gamma,1.0,0.2,10,29.0%,73.0%,25.2%,47.8%,0.6790,0.5457,0.5047,0.1721,0.3330,0.2199,50.2%
TimeRank,普遍好评,positive_bias,suppression,Gamma,1.0,0.3,10,29.0%,73.0%,20.6%,52.4%,0.6790,0.5457,0.5234,0.1721,0.3330,0.1927,53.6%
TimeRank,普遍好评,positive_bias,suppression,Gamma,1.0,0.4,10,29.0%,73.0%,18.4%,54.6%,0.6790,0.5457,0.5290,0.1721,0.3330,0.1812,56.3%
TimeRank,普遍好评,positive_bias,suppression,Gamma,1.0,0.5,10,29.0%,73.0%,17.0%,56.0%,0.6790,0.5457,0.5432,0.1721,0.3330,0.1665,59.1%
TimeRank,普遍好评,positive_bias,suppression,Gamma,1.0,0.6,10,29.0%,73.0%,14.0%,59.0%,0.6790,0.5457,0.5405,0.1721,0.3330,0.1552,62.1%
TimeRank,普遍好评,positive_bias,suppression,Gamma,1.0,0.7,10,29.0%,73.0%,10.2%,62.8%,0.6790,0.5457,0.5329,0.1721,0.3330,0.1398,64.8%
TimeRank,普遍好评,positive_bias,suppression,Gamma,1.0,0.8,10,29.0%,73.0%,9.0%,64.0%,0.6790,0.5457,0.5309,0.1721,0.3330,0.1354,66.5%
TimeRank,普遍好评,positive_bias,suppression,Gamma,1.0,0.9,10,29.0%,73.0%,9.6%,63.4%,0.6790,0.5457,0.5332,0.1721,0.3330,0.1369,66.1%
TimeRank,普遍好评,positive_bias,suppression,Gamma,2.0,0.1,10,29.0%,73.0%,38.2%,34.8%,0.6790,0.5457,0.4848,0.1721,0.3330,0.2615,45.1%
TimeRank,普遍好评,positive_bias,suppression,Gamma,2.0,0.2,10,29.0%,73.0%,25.2%,47.8%,0.6790,0.5457,0.5316,0.1721,0.3330,0.2174,49.5%
TimeRank,普遍好评,positive_bias,suppression,Gamma,2.0,0.3,10,29.0%,73.0%,22.4%,50.6%,0.6790,0.5457,0.5400,0.1721,0.3330,0.1957,53.1%
TimeRank,普遍好评,positive_bias,suppression,Gamma,2.0,0.4,10,29.0%,73.0%,20.0%,53.0%,0.6790,0.5457,0.5421,0.1721,0.3330,0.1795,56.5%
TimeRank,普遍好评,positive_bias,suppression,Gamma,2.0,0.5,10,29.0%,73.0%,18.2%,54.8%,0.6790,0.5457,0.5500,0.1721,0.3330,0.1655,59.4%
TimeRank,普遍好评,positive_bias,suppression,Gamma,2.0,0.6,10,29.0%,73.0%,15.8%,57.2%,0.6790,0.5457,0.5503,0.1721,0.3330,0.1619,61.3%
TimeRank,普遍好评,positive_bias,suppression,Gamma,2.0,0.7,10,29.0%,73.0%,14.8%,58.2%,0.6790,0.5457,0.5492,0.1721,0.3330,0.1521,62.9%
TimeRank,普遍好评,positive_bias,suppression,Gamma,2.0,0.8,10,29.0%,73.0%,10.4%,62.6%,0.6790,0.5457,0.5353,0.1721,0.3330,0.1390,65.2%
TimeRank,普遍好评,positive_bias,suppression,Gamma,2.0,0.9,10,29.0%,73.0%,8.8%,64.2%,0.6790,0.5457,0.5356,0.1721,0.3330,0.1384,65.5%
TimeRank,普遍差评,negative_bias,scarcity,K,10,0.1,10,27.0%,69.8%,58.8%,11.0%,0.3428,0.2348,0.2456,0.1761,0.1893,0.1707,50.4%
TimeRank,普遍差评,negative_bias,scarcity,K,10,0.2,10,27.0%,69.8%,55.0%,14.8%,0.3428,0.2348,0.2496,0.1761,0.1893,0.1651,51.0%
TimeRank,普遍差评,negative_bias,scarcity,K,10,0.3,10,27.0%,69.8%,40.8%,29.0%,0.3428,0.2348,0.2602,0.1761,0.1893,0.1506,50.9%
TimeRank,普遍差评,negative_bias,scarcity,K,10,0.4,10,27.0%,69.8%,35.4%,34.4%,0.3428,0.2348,0.2817,0.1761,0.1893,0.1590,51.1%
TimeRank,普遍差评,negative_bias,scarcity,K,10,0.5,10,27.0%,69.8%,26.2%,43.6%,0.3428,0.2348,0.2954,0.1761,0.1893,0.1414,51.6%
TimeRank,普遍差评,negative_bias,scarcity,K,10,0.6,10,27.0%,69.8%,19.4%,50.4%,0.3428,0.2348,0.3073,0.1761,0.1893,0.1398,53.0%
TimeRank,普遍差评,negative_bias,scarcity,K,10,0.7,10,27.0%,69.8%,16.4%,53.4%,0.3428,0.2348,0.3250,0.1761,0.1893,0.1401,52.7%
TimeRank,普遍差评,negative_bias,scarcity,K,10,0.8,10,27.0%,69.8%,16.8%,53.0%,0.3428,0.2348,0.3388,0.1761,0.1893,0.1509,51.5%
TimeRank,普遍差评,negative_bias,scarcity,K,10,0.9,10,27.0%,69.8%,13.4%,56.4%,0.3428,0.2348,0.3988,0.1761,0.1893,0.1713,50.0%
TimeRank,普遍差评,negative_bias,scarcity,K,20,0.1,10,27.0%,69.8%,62.2%,7.6%,0.3428,0.2348,0.2416,0.1761,0.1893,0.1711,51.4%
TimeRank,普遍差评,negative_bias,scarcity,K,20,0.2,10,27.0%,69.8%,55.8%,14.0%,0.3428,0.2348,0.2427,0.1761,0.1893,0.1638,50.7%
TimeRank,普遍差评,negative_bias,scarcity,K,20,0.3,10,27.0%,69.8%,48.0%,21.8%,0.3428,0.2348,0.2599,0.1761,0.1893,0.1635,50.5%
TimeRank,普遍差评,negative_bias,scarcity,K,20,0.4,10,27.0%,69.8%,43.8%,26.0%,0.3428,0.2348,0.2669,0.1761,0.1893,0.1636,50.1%
TimeRank,普遍差评,negative_bias,scarcity,K,20,0.5,10,27.0%,69.8%,39.8%,30.0%,0.3428,0.2348,0.2762,0.1761,0.1893,0.1589,49.4%
TimeRank,普遍差评,negative_bias,scarcity,K,20,0.6,10,27.0%,69.8%,31.0%,38.8%,0.3428,0.2348,0.2899,0.1761,0.1893,0.1502,50.1%
TimeRank,普遍差评,negative_bias,scarcity,K,20,0.7,10,27.0%,69.8%,25.6%,44.2%,0.3428,0.2348,0.3034,0.1761,0.1893,0.1520,50.1%
TimeRank,普遍差评,negative_bias,scarcity,K,20,0.8,10,27.0%,69.8%,20.2%,49.6%,0.3428,0.2348,0.3213,0.1761,0.1893,0.1493,49.8%
TimeRank,普遍差评,negative_bias,scarcity,K,20,0.9,10,27.0%,69.8%,16.0%,53.8%,0.3428,0.2348,0.3593,0.1761,0.1893,0.1642,49.4%
TimeRank,普遍差评,negative_bias,scarcity,K,30,0.1,10,27.0%,69.8%,63.6%,6.2%,0.3428,0.2348,0.2400,0.1761,0.1893,0.1789,47.7%
TimeRank,普遍差评,negative_bias,scarcity,K,30,0.2,10,27.0%,69.8%,59.2%,10.6%,0.3428,0.2348,0.2421,0.1761,0.1893,0.1703,49.1%
TimeRank,普遍差评,negative_bias,scarcity,K,30,0.3,10,27.0%,69.8%,53.8%,16.0%,0.3428,0.2348,0.2511,0.1761,0.1893,0.1678,48.7%
TimeRank,普遍差评,negative_bias,scarcity,K,30,0.4,10,27.0%,69.8%,49.6%,20.2%,0.3428,0.2348,0.2659,0.1761,0.1893,0.1740,49.3%
TimeRank,普遍差评,negative_bias,scarcity,K,30,0.5,10,27.0%,69.8%,45.2%,24.6%,0.3428,0.2348,0.2737,0.1761,0.1893,0.1757,49.3%
TimeRank,普遍差评,negative_bias,scarcity,K,30,0.6,10,27.0%,69.8%,34.4%,35.4%,0.3428,0.2348,0.2809,0.1761,0.1893,0.1505,49.6%
TimeRank,普遍差评,negative_bias,scarcity,K,30,0.7,10,27.0%,69.8%,32.8%,37.0%,0.3428,0.2348,0.2850,0.1761,0.1893,0.1475,49.6%
TimeRank,普遍差评,negative_bias,scarcity,K,30,0.8,10,27.0%,69.8%,27.6%,42.2%,0.3428,0.2348,0.3074,0.1761,0.1893,0.1551,49.0%
TimeRank,普遍差评,negative_bias,scarcity,K,30,0.9,10,27.0%,69.8%,22.8%,47.0%,0.3428,0.2348,0.3307,0.1761,0.1893,0.1543,49.8%
TimeRank,普遍差评,negative_bias,suppression,Gamma,0.5,0.1,10,27.0%,69.8%,41.2%,28.6%,0.3428,0.2348,0.2665,0.1761,0.1893,0.1427,50.6%
TimeRank,普遍差评,negative_bias,suppression,Gamma,0.5,0.2,10,27.0%,69.8%,20.0%,49.8%,0.3428,0.2348,0.3186,0.1761,0.1893,0.1350,54.6%
TimeRank,普遍差评,negative_bias,suppression,Gamma,0.5,0.3,10,27.0%,69.8%,12.8%,57.0%,0.3428,0.2348,0.3633,0.1761,0.1893,0.1290,57.1%
TimeRank,普遍差评,negative_bias,suppression,Gamma,0.5,0.4,10,27.0%,69.8%,10.0%,59.8%,0.3428,0.2348,0.3939,0.1761,0.1893,0.1279,59.6%
TimeRank,普遍差评,negative_bias,suppression,Gamma,0.5,0.5,10,27.0%,69.8%,6.6%,63.2%,0.3428,0.2348,0.4111,0.1761,0.1893,0.1169,62.3%
TimeRank,普遍差评,negative_bias,suppression,Gamma,0.5,0.6,10,27.0%,69.8%,6.4%,63.4%,0.3428,0.2348,0.4252,0.1761,0.1893,0.1106,65.5%
TimeRank,普遍差评,negative_bias,suppression,Gamma,0.5,0.7,10,27.0%,69.8%,5.6%,64.2%,0.3428,0.2348,0.4343,0.1761,0.1893,0.1057,68.7%
TimeRank,普遍差评,negative_bias,suppression,Gamma,0.5,0.8,10,27.0%,69.8%,5.4%,64.4%,0.3428,0.2348,0.4427,0.1761,0.1893,0.1050,70.3%
TimeRank,普遍差评,negative_bias,suppression,Gamma,0.5,0.9,10,27.0%,69.8%,5.6%,64.2%,0.3428,0.2348,0.4428,0.1761,0.1893,0.1052,70.8%
TimeRank,普遍差评,negative_bias,suppression,Gamma,1.0,0.1,10,27.0%,69.8%,29.2%,40.6%,0.3428,0.2348,0.2950,0.1761,0.1893,0.1419,52.0%
TimeRank,普遍差评,negative_bias,suppression,Gamma,1.0,0.2,10,27.0%,69.8%,15.0%,54.8%,0.3428,0.2348,0.3535,0.1761,0.1893,0.1352,55.6%
TimeRank,普遍差评,negative_bias,suppression,Gamma,1.0,0.3,10,27.0%,69.8%,8.8%,61.0%,0.3428,0.2348,0.3953,0.1761,0.1893,0.1239,59.0%
TimeRank,普遍差评,negative_bias,suppression,Gamma,1.0,0.4,10,27.0%,69.8%,9.4%,60.4%,0.3428,0.2348,0.4031,0.1761,0.1893,0.1252,61.7%
TimeRank,普遍差评,negative_bias,suppression,Gamma,1.0,0.5,10,27.0%,69.8%,6.6%,63.2%,0.3428,0.2348,0.4282,0.1761,0.1893,0.1143,64.8%
TimeRank,普遍差评,negative_bias,suppression,Gamma,1.0,0.6,10,27.0%,69.8%,6.4%,63.4%,0.3428,0.2348,0.4365,0.1761,0.1893,0.1068,68.1%
TimeRank,普遍差评,negative_bias,suppression,Gamma,1.0,0.7,10,27.0%,69.8%,5.6%,64.2%,0.3428,0.2348,0.4435,0.1761,0.1893,0.1041,69.8%
TimeRank,普遍差评,negative_bias,suppression,Gamma,1.0,0.8,10,27.0%,69.8%,6.4%,63.4%,0.3428,0.2348,0.4423,0.1761,0.1893,0.1058,70.5%
TimeRank,普遍差评,negative_bias,suppression,Gamma,1.0,0.9,10,27.0%,69.8%,6.0%,63.8%,0.3428,0.2348,0.4437,0.1761,0.1893,0.1055,70.7%
TimeRank,普遍差评,negative_bias,suppression,Gamma,2.0,0.1,10,27.0%,69.8%,31.6%,38.2%,0.3428,0.2348,0.3009,0.1761,0.1893,0.1494,50.5%
TimeRank,普遍差评,negative_bias,suppression,Gamma,2.0,0.2,10,27.0%,69.8%,14.8%,55.0%,0.3428,0.2348,0.3751,0.1761,0.1893,0.1427,54.8%
TimeRank,普遍差评,negative_bias,suppression,Gamma,2.0,0.3,10,27.0%,69.8%,10.6%,59.2%,0.3428,0.2348,0.3988,0.1761,0.1893,0.1299,58.8%
TimeRank,普遍差评,negative_bias,suppression,Gamma,2.0,0.4,10,27.0%,69.8%,9.2%,60.6%,0.3428,0.2348,0.4159,0.1761,0.1893,0.1243,62.0%
TimeRank,普遍差评,negative_bias,suppression,Gamma,2.0,0.5,10,27.0%,69.8%,8.8%,61.0%,0.3428,0.2348,0.4318,0.1761,0.1893,0.1227,65.4%
TimeRank,普遍差评,negative_bias,suppression,Gamma,2.0,0.6,10,27.0%,69.8%,7.6%,62.2%,0.3428,0.2348,0.4372,0.1761,0.1893,0.1186,67.2%
TimeRank,普遍差评,negative_bias,suppression,Gamma,2.0,0.7,10,27.0%,69.8%,7.6%,62.2%,0.3428,0.2348,0.4416,0.1761,0.1893,0.1146,68.9%
TimeRank,普遍差评,negative_bias,suppression,Gamma,2.0,0.8,10,27.0%,69.8%,6.2%,63.6%,0.3428,0.2348,0.4428,0.1761,0.1893,0.1061,69.8%
TimeRank,普遍差评,negative_bias,suppression,Gamma,2.0,0.9,10,27.0%,69.8%,6.2%,63.6%,0.3428,0.2348,0.4429,0.1761,0.1893,0.1041,70.9%
TimeRank,理性讨论(钟型),consensus,scarcity,K,10,0.1,10,18.4%,69.8%,58.4%,11.4%,0.5173,0.3955,0.3756,0.2195,0.3107,0.2804,44.2%
TimeRank,理性讨论(钟型),consensus,scarcity,K,10,0.2,10,18.4%,69.8%,50.2%,19.6%,0.5173,0.3955,0.3615,0.2195,0.3107,0.2543,45.7%
TimeRank,理性讨论(钟型),consensus,scarcity,K,10,0.3,10,18.4%,69.8%,36.6%,33.2%,0.5173,0.3955,0.3763,0.2195,0.3107,0.2424,46.3%
TimeRank,理性讨论(钟型),consensus,scarcity,K,10,0.4,10,18.4%,69.8%,33.0%,36.8%,0.5173,0.3955,0.3816,0.2195,0.3107,0.2342,46.9%
TimeRank,理性讨论(钟型),consensus,scarcity,K,10,0.5,10,18.4%,69.8%,26.8%,43.0%,0.5173,0.3955,0.3715,0.2195,0.3107,0.2128,48.6%
TimeRank,理性讨论(钟型),consensus,scarcity,K,10,0.6,10,18.4%,69.8%,23.0%,46.8%,0.5173,0.3955,0.3774,0.2195,0.3107,0.2028,50.2%
TimeRank,理性讨论(钟型),consensus,scarcity,K,10,0.7,10,18.4%,69.8%,15.2%,54.6%,0.5173,0.3955,0.3909,0.2195,0.3107,0.1915,50.5%
TimeRank,理性讨论(钟型),consensus,scarcity,K,10,0.8,10,18.4%,69.8%,12.2%,57.6%,0.5173,0.3955,0.4026,0.2195,0.3107,0.1855,50.6%
TimeRank,理性讨论(钟型),consensus,scarcity,K,10,0.9,10,18.4%,69.8%,10.0%,59.8%,0.5173,0.3955,0.4497,0.2195,0.3107,0.1817,50.0%
TimeRank,理性讨论(钟型),consensus,scarcity,K,20,0.1,10,18.4%,69.8%,58.0%,11.8%,0.5173,0.3955,0.3787,0.2195,0.3107,0.2796,44.6%
TimeRank,理性讨论(钟型),consensus,scarcity,K,20,0.2,10,18.4%,69.8%,55.6%,14.2%,0.5173,0.3955,0.3729,0.2195,0.3107,0.2715,44.8%
TimeRank,理性讨论(钟型),consensus,scarcity,K,20,0.3,10,18.4%,69.8%,45.4%,24.4%,0.5173,0.3955,0.3671,0.2195,0.3107,0.2478,45.5%
TimeRank,理性讨论(钟型),consensus,scarcity,K,20,0.4,10,18.4%,69.8%,41.2%,28.6%,0.5173,0.3955,0.3720,0.2195,0.3107,0.2422,45.8%
TimeRank,理性讨论(钟型),consensus,scarcity,K,20,0.5,10,18.4%,69.8%,34.8%,35.0%,0.5173,0.3955,0.3741,0.2195,0.3107,0.2306,45.9%
TimeRank,理性讨论(钟型),consensus,scarcity,K,20,0.6,10,18.4%,69.8%,29.8%,40.0%,0.5173,0.3955,0.3643,0.2195,0.3107,0.2125,47.8%
TimeRank,理性讨论(钟型),consensus,scarcity,K,20,0.7,10,18.4%,69.8%,23.8%,46.0%,0.5173,0.3955,0.3818,0.2195,0.3107,0.2040,48.1%
TimeRank,理性讨论(钟型),consensus,scarcity,K,20,0.8,10,18.4%,69.8%,18.6%,51.2%,0.5173,0.3955,0.3909,0.2195,0.3107,0.1979,48.5%
TimeRank,理性讨论(钟型),consensus,scarcity,K,20,0.9,10,18.4%,69.8%,12.6%,57.2%,0.5173,0.3955,0.4055,0.2195,0.3107,0.1822,48.6%
TimeRank,理性讨论(钟型),consensus,scarcity,K,30,0.1,10,18.4%,69.8%,63.0%,6.8%,0.5173,0.3955,0.3908,0.2195,0.3107,0.2944,41.9%
TimeRank,理性讨论(钟型),consensus,scarcity,K,30,0.2,10,18.4%,69.8%,57.4%,12.4%,0.5173,0.3955,0.3861,0.2195,0.3107,0.2793,43.5%
TimeRank,理性讨论(钟型),consensus,scarcity,K,30,0.3,10,18.4%,69.8%,50.6%,19.2%,0.5173,0.3955,0.3746,0.2195,0.3107,0.2646,43.7%
TimeRank,理性讨论(钟型),consensus,scarcity,K,30,0.4,10,18.4%,69.8%,45.6%,24.2%,0.5173,0.3955,0.3895,0.2195,0.3107,0.2618,44.5%
TimeRank,理性讨论(钟型),consensus,scarcity,K,30,0.5,10,18.4%,69.8%,43.2%,26.6%,0.5173,0.3955,0.3772,0.2195,0.3107,0.2504,45.3%
TimeRank,理性讨论(钟型),consensus,scarcity,K,30,0.6,10,18.4%,69.8%,40.0%,29.8%,0.5173,0.3955,0.3764,0.2195,0.3107,0.2415,46.1%
TimeRank,理性讨论(钟型),consensus,scarcity,K,30,0.7,10,18.4%,69.8%,31.4%,38.4%,0.5173,0.3955,0.3720,0.2195,0.3107,0.2185,46.9%
TimeRank,理性讨论(钟型),consensus,scarcity,K,30,0.8,10,18.4%,69.8%,26.2%,43.6%,0.5173,0.3955,0.3936,0.2195,0.3107,0.2133,47.2%
TimeRank,理性讨论(钟型),consensus,scarcity,K,30,0.9,10,18.4%,69.8%,20.0%,49.8%,0.5173,0.3955,0.3902,0.2195,0.3107,0.1915,49.0%
TimeRank,理性讨论(钟型),consensus,suppression,Gamma,0.5,0.1,10,18.4%,69.8%,39.2%,30.6%,0.5173,0.3955,0.3687,0.2195,0.3107,0.2352,46.8%
TimeRank,理性讨论(钟型),consensus,suppression,Gamma,0.5,0.2,10,18.4%,69.8%,23.0%,46.8%,0.5173,0.3955,0.3959,0.2195,0.3107,0.1976,52.1%
TimeRank,理性讨论(钟型),consensus,suppression,Gamma,0.5,0.3,10,18.4%,69.8%,16.6%,53.2%,0.5173,0.3955,0.4233,0.2195,0.3107,0.1780,55.2%
TimeRank,理性讨论(钟型),consensus,suppression,Gamma,0.5,0.4,10,18.4%,69.8%,12.2%,57.6%,0.5173,0.3955,0.4437,0.2195,0.3107,0.1644,58.1%
TimeRank,理性讨论(钟型),consensus,suppression,Gamma,0.5,0.5,10,18.4%,69.8%,9.6%,60.2%,0.5173,0.3955,0.4650,0.2195,0.3107,0.1486,61.0%
TimeRank,理性讨论(钟型),consensus,suppression,Gamma,0.5,0.6,10,18.4%,69.8%,10.6%,59.2%,0.5173,0.3955,0.4771,0.2195,0.3107,0.1448,64.0%
TimeRank,理性讨论(钟型),consensus,suppression,Gamma,0.5,0.7,10,18.4%,69.8%,7.8%,62.0%,0.5173,0.3955,0.4777,0.2195,0.3107,0.1296,67.9%
TimeRank,理性讨论(钟型),consensus,suppression,Gamma,0.5,0.8,10,18.4%,69.8%,5.4%,64.4%,0.5173,0.3955,0.4799,0.2195,0.3107,0.1207,69.6%
TimeRank,理性讨论(钟型),consensus,suppression,Gamma,0.5,0.9,10,18.4%,69.8%,7.0%,62.8%,0.5173,0.3955,0.4792,0.2195,0.3107,0.1206,70.5%
TimeRank,理性讨论(钟型),consensus,suppression,Gamma,1.0,0.1,10,18.4%,69.8%,30.4%,39.4%,0.5173,0.3955,0.3689,0.2195,0.3107,0.2126,49.5%
TimeRank,理性讨论(钟型),consensus,suppression,Gamma,1.0,0.2,10,18.4%,69.8%,17.0%,52.8%,0.5173,0.3955,0.4279,0.2195,0.3107,0.1843,53.9%
TimeRank,理性讨论(钟型),consensus,suppression,Gamma,1.0,0.3,10,18.4%,69.8%,14.0%,55.8%,0.5173,0.3955,0.4565,0.2195,0.3107,0.1710,57.1%
TimeRank,理性讨论(钟型),consensus,suppression,Gamma,1.0,0.4,10,18.4%,69.8%,10.8%,59.0%,0.5173,0.3955,0.4643,0.2195,0.3107,0.1535,60.7%
TimeRank,理性讨论(钟型),consensus,suppression,Gamma,1.0,0.5,10,18.4%,69.8%,9.6%,60.2%,0.5173,0.3955,0.4780,0.2195,0.3107,0.1429,64.0%
TimeRank,理性讨论(钟型),consensus,suppression,Gamma,1.0,0.6,10,18.4%,69.8%,8.8%,61.0%,0.5173,0.3955,0.4786,0.2195,0.3107,0.1342,66.9%
TimeRank,理性讨论(钟型),consensus,suppression,Gamma,1.0,0.7,10,18.4%,69.8%,7.0%,62.8%,0.5173,0.3955,0.4808,0.2195,0.3107,0.1236,69.5%
TimeRank,理性讨论(钟型),consensus,suppression,Gamma,1.0,0.8,10,18.4%,69.8%,5.4%,64.4%,0.5173,0.3955,0.4804,0.2195,0.3107,0.1176,70.4%
TimeRank,理性讨论(钟型),consensus,suppression,Gamma,1.0,0.9,10,18.4%,69.8%,6.0%,63.8%,0.5173,0.3955,0.4808,0.2195,0.3107,0.1188,70.5%
TimeRank,理性讨论(钟型),consensus,suppression,Gamma,2.0,0.1,10,18.4%,69.8%,32.2%,37.6%,0.5173,0.3955,0.3913,0.2195,0.3107,0.2247,48.4%
TimeRank,理性讨论(钟型),consensus,suppression,Gamma,2.0,0.2,10,18.4%,69.8%,18.8%,51.0%,0.5173,0.3955,0.4494,0.2195,0.3107,0.1944,53.2%
TimeRank,理性讨论(钟型),consensus,suppression,Gamma,2.0,0.3,10,18.4%,69.8%,13.8%,56.0%,0.5173,0.3955,0.4632,0.2195,0.3107,0.1685,57.5%
TimeRank,理性讨论(钟型),consensus,suppression,Gamma,2.0,0.4,10,18.4%,69.8%,13.2%,56.6%,0.5173,0.3955,0.4729,0.2195,0.3107,0.1592,61.0%
TimeRank,理性讨论(钟型),consensus,suppression,Gamma,2.0,0.5,10,18.4%,69.8%,10.8%,59.0%,0.5173,0.3955,0.4840,0.2195,0.3107,0.1444,64.2%
TimeRank,理性讨论(钟型),consensus,suppression,Gamma,2.0,0.6,10,18.4%,69.8%,10.6%,59.2%,0.5173,0.3955,0.4833,0.2195,0.3107,0.1433,66.7%
TimeRank,理性讨论(钟型),consensus,suppression,Gamma,2.0,0.7,10,18.4%,69.8%,7.8%,62.0%,0.5173,0.3955,0.4826,0.2195,0.3107,0.1311,68.7%
TimeRank,理性讨论(钟型),consensus,suppression,Gamma,2.0,0.8,10,18.4%,69.8%,6.4%,63.4%,0.5173,0.3955,0.4813,0.2195,0.3107,0.1221,69.4%
TimeRank,理性讨论(钟型),consensus,suppression,Gamma,2.0,0.9,10,18.4%,69.8%,5.0%,64.8%,0.5173,0.3955,0.4790,0.2195,0.3107,0.1172,70.5%
TimeRank,无序状态,random,scarcity,K,10,0.1,10,40.2%,74.0%,65.8%,8.2%,0.5141,0.4090,0.3858,0.2877,0.3262,0.2957,44.3%
TimeRank,无序状态,random,scarcity,K,10,0.2,10,40.2%,74.0%,57.8%,16.2%,0.5141,0.4090,0.3670,0.2877,0.3262,0.2765,46.3%
TimeRank,无序状态,random,scarcity,K,10,0.3,10,40.2%,74.0%,42.8%,31.2%,0.5141,0.4090,0.3663,0.2877,0.3262,0.2519,46.8%
TimeRank,无序状态,random,scarcity,K,10,0.4,10,40.2%,74.0%,39.6%,34.4%,0.5141,0.4090,0.3677,0.2877,0.3262,0.2437,47.3%
TimeRank,无序状态,random,scarcity,K,10,0.5,10,40.2%,74.0%,30.8%,43.2%,0.5141,0.4090,0.3717,0.2877,0.3262,0.2338,48.1%
TimeRank,无序状态,random,scarcity,K,10,0.6,10,40.2%,74.0%,23.6%,50.4%,0.5141,0.4090,0.3808,0.2877,0.3262,0.2180,49.5%
TimeRank,无序状态,random,scarcity,K,10,0.7,10,40.2%,74.0%,20.4%,53.6%,0.5141,0.4090,0.3875,0.2877,0.3262,0.2067,49.9%
TimeRank,无序状态,random,scarcity,K,10,0.8,10,40.2%,74.0%,17.0%,57.0%,0.5141,0.4090,0.4053,0.2877,0.3262,0.2030,49.8%
TimeRank,无序状态,random,scarcity,K,10,0.9,10,40.2%,74.0%,16.6%,57.4%,0.5141,0.4090,0.4386,0.2877,0.3262,0.2022,49.1%
TimeRank,无序状态,random,scarcity,K,20,0.1,10,40.2%,74.0%,67.4%,6.6%,0.5141,0.4090,0.3956,0.2877,0.3262,0.3021,44.3%
TimeRank,无序状态,random,scarcity,K,20,0.2,10,40.2%,74.0%,60.6%,13.4%,0.5141,0.4090,0.3831,0.2877,0.3262,0.2852,45.1%
TimeRank,无序状态,random,scarcity,K,20,0.3,10,40.2%,74.0%,52.0%,22.0%,0.5141,0.4090,0.3738,0.2877,0.3262,0.2707,45.6%
TimeRank,无序状态,random,scarcity,K,20,0.4,10,40.2%,74.0%,49.0%,25.0%,0.5141,0.4090,0.3684,0.2877,0.3262,0.2605,45.9%
TimeRank,无序状态,random,scarcity,K,20,0.5,10,40.2%,74.0%,44.0%,30.0%,0.5141,0.4090,0.3721,0.2877,0.3262,0.2530,45.8%
TimeRank,无序状态,random,scarcity,K,20,0.6,10,40.2%,74.0%,37.6%,36.4%,0.5141,0.4090,0.3656,0.2877,0.3262,0.2369,47.2%
TimeRank,无序状态,random,scarcity,K,20,0.7,10,40.2%,74.0%,32.0%,42.0%,0.5141,0.4090,0.3785,0.2877,0.3262,0.2298,47.6%
TimeRank,无序状态,random,scarcity,K,20,0.8,10,40.2%,74.0%,23.6%,50.4%,0.5141,0.4090,0.3767,0.2877,0.3262,0.2129,47.8%
TimeRank,无序状态,random,scarcity,K,20,0.9,10,40.2%,74.0%,18.8%,55.2%,0.5141,0.4090,0.3983,0.2877,0.3262,0.2058,47.9%
TimeRank,无序状态,random,scarcity,K,30,0.1,10,40.2%,74.0%,70.6%,3.4%,0.5141,0.4090,0.3974,0.2877,0.3262,0.3108,42.8%
TimeRank,无序状态,random,scarcity,K,30,0.2,10,40.2%,74.0%,65.8%,8.2%,0.5141,0.4090,0.3869,0.2877,0.3262,0.2972,44.2%
TimeRank,无序状态,random,scarcity,K,30,0.3,10,40.2%,74.0%,59.0%,15.0%,0.5141,0.4090,0.3868,0.2877,0.3262,0.2883,44.0%
TimeRank,无序状态,random,scarcity,K,30,0.4,10,40.2%,74.0%,54.2%,19.8%,0.5141,0.4090,0.3813,0.2877,0.3262,0.2800,44.9%
TimeRank,无序状态,random,scarcity,K,30,0.5,10,40.2%,74.0%,51.2%,22.8%,0.5141,0.4090,0.3831,0.2877,0.3262,0.2724,45.4%
TimeRank,无序状态,random,scarcity,K,30,0.6,10,40.2%,74.0%,43.6%,30.4%,0.5141,0.4090,0.3836,0.2877,0.3262,0.2589,46.0%
TimeRank,无序状态,random,scarcity,K,30,0.7,10,40.2%,74.0%,36.8%,37.2%,0.5141,0.4090,0.3878,0.2877,0.3262,0.2476,46.4%
TimeRank,无序状态,random,scarcity,K,30,0.8,10,40.2%,74.0%,32.2%,41.8%,0.5141,0.4090,0.3748,0.2877,0.3262,0.2245,46.9%
TimeRank,无序状态,random,scarcity,K,30,0.9,10,40.2%,74.0%,25.2%,48.8%,0.5141,0.4090,0.3918,0.2877,0.3262,0.2132,48.3%
TimeRank,无序状态,random,suppression,Gamma,0.5,0.1,10,40.2%,74.0%,48.6%,25.4%,0.5141,0.4090,0.3818,0.2877,0.3262,0.2654,46.4%
TimeRank,无序状态,random,suppression,Gamma,0.5,0.2,10,40.2%,74.0%,28.6%,45.4%,0.5141,0.4090,0.4045,0.2877,0.3262,0.2227,50.6%
TimeRank,无序状态,random,suppression,Gamma,0.5,0.3,10,40.2%,74.0%,23.6%,50.4%,0.5141,0.4090,0.4369,0.2877,0.3262,0.2087,53.0%
TimeRank,无序状态,random,suppression,Gamma,0.5,0.4,10,40.2%,74.0%,20.4%,53.6%,0.5141,0.4090,0.4564,0.2877,0.3262,0.1943,55.6%
TimeRank,无序状态,random,suppression,Gamma,0.5,0.5,10,40.2%,74.0%,16.0%,58.0%,0.5141,0.4090,0.4700,0.2877,0.3262,0.1792,57.9%
TimeRank,无序状态,random,suppression,Gamma,0.5,0.6,10,40.2%,74.0%,15.0%,59.0%,0.5141,0.4090,0.4799,0.2877,0.3262,0.1692,61.1%
TimeRank,无序状态,random,suppression,Gamma,0.5,0.7,10,40.2%,74.0%,13.0%,61.0%,0.5141,0.4090,0.4855,0.2877,0.3262,0.1588,63.9%
TimeRank,无序状态,random,suppression,Gamma,0.5,0.8,10,40.2%,74.0%,10.0%,64.0%,0.5141,0.4090,0.4836,0.2877,0.3262,0.1461,66.0%
TimeRank,无序状态,random,suppression,Gamma,0.5,0.9,10,40.2%,74.0%,12.2%,61.8%,0.5141,0.4090,0.4890,0.2877,0.3262,0.1504,66.6%
TimeRank,无序状态,random,suppression,Gamma,1.0,0.1,10,40.2%,74.0%,41.2%,32.8%,0.5141,0.4090,0.3906,0.2877,0.3262,0.2512,48.1%
TimeRank,无序状态,random,suppression,Gamma,1.0,0.2,10,40.2%,74.0%,25.8%,48.2%,0.5141,0.4090,0.4437,0.2877,0.3262,0.2186,51.5%
TimeRank,无序状态,random,suppression,Gamma,1.0,0.3,10,40.2%,74.0%,20.4%,53.6%,0.5141,0.4090,0.4637,0.2877,0.3262,0.1957,54.7%
TimeRank,无序状态,random,suppression,Gamma,1.0,0.4,10,40.2%,74.0%,18.8%,55.2%,0.5141,0.4090,0.4713,0.2877,0.3262,0.1878,57.4%
TimeRank,无序状态,random,suppression,Gamma,1.0,0.5,10,40.2%,74.0%,17.0%,57.0%,0.5141,0.4090,0.4832,0.2877,0.3262,0.1780,59.9%
TimeRank,无序状态,random,suppression,Gamma,1.0,0.6,10,40.2%,74.0%,14.4%,59.6%,0.5141,0.4090,0.4830,0.2877,0.3262,0.1613,62.9%
TimeRank,无序状态,random,suppression,Gamma,1.0,0.7,10,40.2%,74.0%,12.0%,62.0%,0.5141,0.4090,0.4870,0.2877,0.3262,0.1524,65.0%
TimeRank,无序状态,random,suppression,Gamma,1.0,0.8,10,40.2%,74.0%,11.8%,62.2%,0.5141,0.4090,0.4900,0.2877,0.3262,0.1485,65.9%
TimeRank,无序状态,random,suppression,Gamma,1.0,0.9,10,40.2%,74.0%,12.2%,61.8%,0.5141,0.4090,0.4863,0.2877,0.3262,0.1469,67.1%
TimeRank,无序状态,random,suppression,Gamma,2.0,0.1,10,40.2%,74.0%,40.6%,33.4%,0.5141,0.4090,0.4084,0.2877,0.3262,0.2560,46.6%
TimeRank,无序状态,random,suppression,Gamma,2.0,0.2,10,40.2%,74.0%,27.6%,46.4%,0.5141,0.4090,0.4588,0.2877,0.3262,0.2233,50.7%
TimeRank,无序状态,random,suppression,Gamma,2.0,0.3,10,40.2%,74.0%,22.2%,51.8%,0.5141,0.4090,0.4757,0.2877,0.3262,0.2000,54.4%
TimeRank,无序状态,random,suppression,Gamma,2.0,0.4,10,40.2%,74.0%,19.4%,54.6%,0.5141,0.4090,0.4847,0.2877,0.3262,0.1869,57.3%
TimeRank,无序状态,random,suppression,Gamma,2.0,0.5,10,40.2%,74.0%,17.6%,56.4%,0.5141,0.4090,0.4902,0.2877,0.3262,0.1773,60.2%
TimeRank,无序状态,random,suppression,Gamma,2.0,0.6,10,40.2%,74.0%,16.8%,57.2%,0.5141,0.4090,0.4945,0.2877,0.3262,0.1743,62.0%
TimeRank,无序状态,random,suppression,Gamma,2.0,0.7,10,40.2%,74.0%,14.4%,59.6%,0.5141,0.4090,0.4887,0.2877,0.3262,0.1598,64.0%
TimeRank,无序状态,random,suppression,Gamma,2.0,0.8,10,40.2%,74.0%,12.8%,61.2%,0.5141,0.4090,0.4893,0.2877,0.3262,0.1535,65.4%
TimeRank,无序状态,random,suppression,Gamma,2.0,0.9,10,40.2%,74.0%,11.0%,63.0%,0.5141,0.4090,0.4874,0.2877,0.3262,0.1459,66.8%
